"","d_DW_pop_ColHoe_F","d_DW_pop_ColOnd_F","d_DW_pop_HoeOnd_F"
"1",0.684577202638077,0.920807582257843,0.682025975009975
