"","d_DW_pop_ColHoe_M","d_DW_pop_ColOnd_M","d_DW_pop_HoeOnd_M"
"1",0.765275196820558,0.847497182525175,0.551308323084664
