"Supervisor.PI","Sex","Population","Mean","SD","Median","Min","Max","SE","CV","Mode"
"Schmidt","F","AK",0.227,0.104043863961988,0.2,0,0.5,0.00735701217483725,0.458343013048406,0.3
"Schmidt","F","GI",0.201666666666667,0.0943650459903555,0.2,0,0.5,0.00861431072148836,0.46792584788606,0.1
"Schmidt","F","KA",0.249473684210526,0.122904603786259,0.2,0,1,0.00891643710761123,0.492655584797243,0.2
"Schmidt","F","MA",0.281967213114754,0.120677842938364,0.3,0.1,0.7,0.0089207628432954,0.427985373211641,0.3
"Schmidt","F","MU",0.22741116751269,0.0961498536891569,0.2,0.1,0.6,0.00685039343212156,0.422801811981337,0.2
"Schmidt","F","RE",0.255555555555556,0.134197201494252,0.3,0,0.6,0.0119552369108419,0.525119484107943,0.3
"Schmidt","F","UM",0.28013698630137,0.0986948365443206,0.3,0.1,0.7,0.00816804278987279,0.352309196466279,0.3
"Schmidt","F","VA",0.163690476190476,0.0956700888301975,0.1,0,0.5,0.00738110759883519,0.584457269944479,0.1
"Schmidt","F","YE",0.245108695652174,0.118635176320451,0.3,0,0.6,0.0087459012327342,0.484010475453724,0.3
