"Supervisor.PI","Batch","Sex","Population","Mean","SD","Median","Min","Max","SE","CV","Mode"
"Schmidt","1","F","AK",0.2145,0.219271864938867,0.1,0,0.9,0.0155048622621694,1.02224645659146,0
"Schmidt","1","F","GI",0.233333333333333,0.266105852866809,0.1,0,0.9,0.0242920297165504,1.14045365514347,0
"Schmidt","1","F","KA",0.357368421052632,0.294613765725849,0.3,0,0.9,0.0213735289989579,0.824397871692362,0
"Schmidt","1","F","MA",0.371584699453552,0.288156707567697,0.4,0,1,0.0213011567602278,0.775480551248361,0
"Schmidt","1","F","MU",0.301015228426396,0.2993172243412,0.2,0,1,0.0213254692448798,0.99435907580466,0
"Schmidt","1","F","RE",0.31984126984127,0.305684763446225,0.2,0,1,0.0272325631707813,0.95573896263584,0
"Schmidt","1","F","UM",0.478767123287671,0.271955600866579,0.4,0,1,0.0225072056715576,0.568033157747075,0.4
"Schmidt","1","F","VA",0.371428571428571,0.303698333057886,0.3,0,1,0.0234308350843675,0.81764935823277,0.1
"Schmidt","1","F","YE",0.330978260869565,0.319266782195318,0.2,0,1,0.0235366594510786,0.964615565253505,0
