Predictor variable,Categorical,Sample average
DrosoEu_wc2.1_30s_tmax_02,false,5.82973169190154
DrosoEu_wc2.1_30s_tmin_01,false,-2.254967366070355
DrosoEu_wc2.1_30s_tmin_12,false,-0.795358957237874
DrosoEu_wc2_1_30s_bio_3,false,33.55901458247837
DrosoEu_wc2_1_30s_bio_4,false,679.8065222504348
DrosoEu_wc2_1_30s_bio_7,false,27.30580129893125
DrosoEu_wc2_1_30s_vapr_01,false,0.5525960822936156
DrosoEu_wc2_1_30s_vapr_02,false,0.5654242194654113
DrosoEu_wc2_1_30s_vapr_10,false,0.9921609854637669
