Predictor variable,Categorical,Sample average
DrosoEu_wc2.1_30s_tmax_02,false,5.8775362376987506
DrosoEu_wc2.1_30s_tmin_01,false,-2.19297101199087
DrosoEu_wc2.1_30s_tmin_12,false,-0.7484782620238654
DrosoEu_wc2_1_30s_bio_3,false,33.57106773542321
DrosoEu_wc2_1_30s_bio_4,false,677.3662418531335
DrosoEu_wc2_1_30s_bio_7,false,27.21130434533824
DrosoEu_wc2_1_30s_vapr_01,false,0.5550724619108698
DrosoEu_wc2_1_30s_vapr_02,false,0.5677463755875394
DrosoEu_wc2_1_30s_vapr_10,false,0.995434781520263
