Model,Trait,Lab,Sex,Population,Line,Coef,SE
lmer_pop,CCRT,Vieira,F,AK,AK1,1726.804742,141.1236178
lmer_pop,CCRT,Vieira,F,AK,AK10,1454.368742,141.3799947
lmer_pop,CCRT,Vieira,F,AK,AK11,1543.101742,140.8922714
lmer_pop,CCRT,Vieira,F,AK,AK12,1424.492742,141.3799947
lmer_pop,CCRT,Vieira,F,AK,AK13,1478.466742,145.3196646
lmer_pop,CCRT,Vieira,F,AK,AK14,1759.097742,140.8922714
lmer_pop,CCRT,Vieira,F,AK,AK15,1739.008742,150.2391277
lmer_pop,CCRT,Vieira,F,AK,AK16,1421.059742,141.2874001
lmer_pop,CCRT,Vieira,F,AK,AK17,1513.675742,141.2874001
lmer_pop,CCRT,Vieira,F,AK,AK18,1360.776742,140.8922714
lmer_pop,CCRT,Vieira,F,AK,AK19,1454.563742,150.0999838
lmer_pop,CCRT,Vieira,F,AK,AK2,1571.854742,141.3799947
lmer_pop,CCRT,Vieira,F,AK,AK20,1667.735742,141.6142228
lmer_pop,CCRT,Vieira,F,AK,AK3,1552.392742,141.1236178
lmer_pop,CCRT,Vieira,F,AK,AK4,1470.072742,141.2874001
lmer_pop,CCRT,Vieira,F,AK,AK5,1678.195742,141.1236178
lmer_pop,CCRT,Vieira,F,AK,AK6,1518.963742,141.1236178
lmer_pop,CCRT,Vieira,F,AK,AK7,1933.832742,140.8922714
lmer_pop,CCRT,Vieira,F,AK,AK8,1592.928742,141.3799947
lmer_pop,CCRT,Vieira,F,AK,AK9,1779.041742,140.8922714
lmer_pop,CCRT,Vieira,F,GI,GI1,1470.602504,146.9919582
lmer_pop,CCRT,Vieira,F,GI,GI10,1559.503504,146.9919582
lmer_pop,CCRT,Vieira,F,GI,GI11,1627.752504,147.1906844
lmer_pop,CCRT,Vieira,F,GI,GI12,1382.469504,147.6840943
lmer_pop,CCRT,Vieira,F,GI,GI13,1376.775504,146.9919582
lmer_pop,CCRT,Vieira,F,GI,GI15,1637.308504,147.3707333
lmer_pop,CCRT,Vieira,F,GI,GI2,1587.565504,147.6840943
lmer_pop,CCRT,Vieira,F,GI,GI3,1481.422504,146.9919582
lmer_pop,CCRT,Vieira,F,GI,GI4,1841.065504,146.9919582
lmer_pop,CCRT,Vieira,F,GI,GI5,1351.178504,146.9919582
lmer_pop,CCRT,Vieira,F,GI,GI7,1421.042504,147.1906844
lmer_pop,CCRT,Vieira,F,GI,GI8,1460.110504,147.2137192
lmer_pop,CCRT,Vieira,F,GI,GI9,1653.013504,147.2137192
lmer_pop,CCRT,Vieira,F,KA,KA1,1377.929758,145.0700145
lmer_pop,CCRT,Vieira,F,KA,KA10,1361.876758,145.2708713
lmer_pop,CCRT,Vieira,F,KA,KA11,1376.596758,140.93448
lmer_pop,CCRT,Vieira,F,KA,KA13,1391.938758,140.93448
lmer_pop,CCRT,Vieira,F,KA,KA14,1340.332758,145.0700145
lmer_pop,CCRT,Vieira,F,KA,KA15,1460.824758,140.6984376
lmer_pop,CCRT,Vieira,F,KA,KA16,1424.811758,140.6984376
lmer_pop,CCRT,Vieira,F,KA,KA17,1453.000758,141.4918961
lmer_pop,CCRT,Vieira,F,KA,KA18,1492.898758,145.061009
lmer_pop,CCRT,Vieira,F,KA,KA2,1282.298758,140.9121233
lmer_pop,CCRT,Vieira,F,KA,KA23,1357.145758,140.6984376
lmer_pop,CCRT,Vieira,F,KA,KA24,1495.383758,140.6984376
lmer_pop,CCRT,Vieira,F,KA,KA25,1443.140758,140.6984376
lmer_pop,CCRT,Vieira,F,KA,KA28,1322.748758,140.6984376
lmer_pop,CCRT,Vieira,F,KA,KA29,1260.878758,140.9228544
lmer_pop,CCRT,Vieira,F,KA,KA3,1500.635758,140.9121233
lmer_pop,CCRT,Vieira,F,KA,KA5,1370.715758,140.9121233
lmer_pop,CCRT,Vieira,F,KA,KA6,1276.794758,140.93448
lmer_pop,CCRT,Vieira,F,KA,KA7,1310.903758,141.1849363
lmer_pop,CCRT,Vieira,F,KA,KA9,1461.898758,141.1849363
lmer_pop,CCRT,Vieira,F,MA,MA12,1307.35529,141.4498387
lmer_pop,CCRT,Vieira,F,MA,MA13,1334.97129,141.4498387
lmer_pop,CCRT,Vieira,F,MA,MA16,1283.45529,141.4498387
lmer_pop,CCRT,Vieira,F,MA,MA18,1319.22529,141.4498387
lmer_pop,CCRT,Vieira,F,MA,MA19,1359.04629,145.871829
lmer_pop,CCRT,Vieira,F,MA,MA20,1527.22929,145.6247119
lmer_pop,CCRT,Vieira,F,MA,MA21,1269.56629,141.4498387
lmer_pop,CCRT,Vieira,F,MA,MA23,1223.86429,141.4498387
lmer_pop,CCRT,Vieira,F,MA,MA26,1318.49829,141.4498387
lmer_pop,CCRT,Vieira,F,MA,MA27,1234.67329,141.8693721
lmer_pop,CCRT,Vieira,F,MA,MA28,1253.24529,141.8693721
lmer_pop,CCRT,Vieira,F,MA,MA3,1329.45429,141.7573458
lmer_pop,CCRT,Vieira,F,MA,MA30,1252.42129,141.7573458
lmer_pop,CCRT,Vieira,F,MA,MA31,1228.84329,141.7573458
lmer_pop,CCRT,Vieira,F,MA,MA32,1284.15429,141.7573458
lmer_pop,CCRT,Vieira,F,MA,MA33,1393.32329,141.7573458
lmer_pop,CCRT,Vieira,F,MA,MA5,1231.67029,141.7573458
lmer_pop,CCRT,Vieira,F,MA,MA6,1312.98229,141.7573458
lmer_pop,CCRT,Vieira,F,MA,MA7,1173.30629,141.8693721
lmer_pop,CCRT,Vieira,F,MA,MA9,1259.30129,141.8693721
lmer_pop,CCRT,Vieira,F,MU,MU1,1304.941783,142.8062331
lmer_pop,CCRT,Vieira,F,MU,MU10,1471.447783,142.7279808
lmer_pop,CCRT,Vieira,F,MU,MU11,1540.243783,142.7279808
lmer_pop,CCRT,Vieira,F,MU,MU12,1460.466783,142.7279808
lmer_pop,CCRT,Vieira,F,MU,MU13,1567.212783,142.7279808
lmer_pop,CCRT,Vieira,F,MU,MU14,1607.327783,143.3147388
lmer_pop,CCRT,Vieira,F,MU,MU15,1573.349783,142.7279808
lmer_pop,CCRT,Vieira,F,MU,MU16,1503.568783,143.3147388
lmer_pop,CCRT,Vieira,F,MU,MU17,1428.151783,143.3147388
lmer_pop,CCRT,Vieira,F,MU,MU18,1407.965783,143.3147388
lmer_pop,CCRT,Vieira,F,MU,MU19,1626.641783,142.7279808
lmer_pop,CCRT,Vieira,F,MU,MU2,1505.757783,142.8062331
lmer_pop,CCRT,Vieira,F,MU,MU20,1363.570783,142.7279808
lmer_pop,CCRT,Vieira,F,MU,MU3,1440.837783,142.8062331
lmer_pop,CCRT,Vieira,F,MU,MU4,1588.602783,142.8062331
lmer_pop,CCRT,Vieira,F,MU,MU5,1473.539783,142.8062331
lmer_pop,CCRT,Vieira,F,MU,MU6,1648.120783,142.7279808
lmer_pop,CCRT,Vieira,F,MU,MU7,1669.598783,142.7279808
lmer_pop,CCRT,Vieira,F,MU,MU8,1534.906783,142.8062331
lmer_pop,CCRT,Vieira,F,MU,MU9,1932.023783,142.7279808
lmer_pop,CCRT,Vieira,F,RE,RE10,1503.376334,142.9227318
lmer_pop,CCRT,Vieira,F,RE,RE11,1634.616334,143.023062
lmer_pop,CCRT,Vieira,F,RE,RE12,1422.359334,143.2546037
lmer_pop,CCRT,Vieira,F,RE,RE13,1401.394334,142.9227318
lmer_pop,CCRT,Vieira,F,RE,RE15,1509.821334,142.9315318
lmer_pop,CCRT,Vieira,F,RE,RE16,1406.613334,143.2546037
lmer_pop,CCRT,Vieira,F,RE,RE17,1473.552334,143.2546037
lmer_pop,CCRT,Vieira,F,RE,RE18,1280.649334,143.2546037
lmer_pop,CCRT,Vieira,F,RE,RE2,1303.589334,143.1330968
lmer_pop,CCRT,Vieira,F,RE,RE3,1478.029334,147.049062
lmer_pop,CCRT,Vieira,F,RE,RE4,1410.868334,143.023062
lmer_pop,CCRT,Vieira,F,RE,RE5,1334.778334,142.9227318
lmer_pop,CCRT,Vieira,F,RE,RE6,1627.788334,143.2546037
lmer_pop,CCRT,Vieira,F,RE,RE7,1339.972334,142.7696357
lmer_pop,CCRT,Vieira,F,RE,RE8,1377.721334,142.9315318
lmer_pop,CCRT,Vieira,F,RE,RE9,1442.171334,142.9227318
lmer_pop,CCRT,Vieira,F,UM,UM13,1718.682417,141.9614145
lmer_pop,CCRT,Vieira,F,UM,UM17,1787.725417,146.120176
lmer_pop,CCRT,Vieira,F,UM,UM18,1718.198417,141.9614145
lmer_pop,CCRT,Vieira,F,UM,UM2,1930.590417,141.8596089
lmer_pop,CCRT,Vieira,F,UM,UM20,1799.671417,141.9614145
lmer_pop,CCRT,Vieira,F,UM,UM21,1584.392417,142.0375605
lmer_pop,CCRT,Vieira,F,UM,UM22,1604.997417,142.2492346
lmer_pop,CCRT,Vieira,F,UM,UM23,1839.470417,142.0375605
lmer_pop,CCRT,Vieira,F,UM,UM24,1662.474417,142.0375605
lmer_pop,CCRT,Vieira,F,UM,UM25,1629.427417,142.2492346
lmer_pop,CCRT,Vieira,F,UM,UM26,1665.395417,142.2492346
lmer_pop,CCRT,Vieira,F,UM,UM28,1500.508417,142.0375605
lmer_pop,CCRT,Vieira,F,UM,UM29,1575.650417,142.2492346
lmer_pop,CCRT,Vieira,F,UM,UM4,1582.029417,142.2492346
lmer_pop,CCRT,Vieira,F,UM,UM5,1713.757417,141.9614145
lmer_pop,CCRT,Vieira,F,UM,UM6,1769.795417,141.9614145
lmer_pop,CCRT,Vieira,F,UM,UM7,1865.479417,141.9614145
lmer_pop,CCRT,Vieira,F,UM,UM8,1741.018417,142.2492346
lmer_pop,CCRT,Vieira,F,UM,UM9,1876.743417,146.120176
lmer_pop,CCRT,Vieira,F,VA,VA1,1247.31676,141.4415045
lmer_pop,CCRT,Vieira,F,VA,VA11,1475.42476,141.4415045
lmer_pop,CCRT,Vieira,F,VA,VA15,1362.97576,141.2275895
lmer_pop,CCRT,Vieira,F,VA,VA18,1249.85076,141.2275895
lmer_pop,CCRT,Vieira,F,VA,VA22,1349.36876,141.8322786
lmer_pop,CCRT,Vieira,F,VA,VA26,1476.58576,141.2275895
lmer_pop,CCRT,Vieira,F,VA,VA30,1261.26576,141.954899
lmer_pop,CCRT,Vieira,F,VA,VA34,1531.08976,141.2275895
lmer_pop,CCRT,Vieira,F,VA,VA35,1674.33376,141.2275895
lmer_pop,CCRT,Vieira,F,VA,VA44,1424.47376,141.4415045
lmer_pop,CCRT,Vieira,F,VA,VA46,1255.31076,141.4415045
lmer_pop,CCRT,Vieira,F,VA,VA47,1401.20776,141.8322786
lmer_pop,CCRT,Vieira,F,VA,VA48,1334.95576,141.954899
lmer_pop,CCRT,Vieira,F,VA,VA55,1460.43676,141.2275895
lmer_pop,CCRT,Vieira,F,VA,VA57,1454.66176,141.8322786
lmer_pop,CCRT,Vieira,F,VA,VA6,1491.00876,141.4415045
lmer_pop,CCRT,Vieira,F,VA,VA66,1328.41676,141.2275895
lmer_pop,CCRT,Vieira,F,VA,VA67,1564.55776,141.8322786
lmer_pop,CCRT,Vieira,F,VA,VA71,1327.32576,141.8322786
lmer_pop,CCRT,Vieira,F,VA,VA9,1360.74676,145.4611628
lmer_pop,CCRT,Vieira,F,YE,YE11,1503.56772,140.2519417
lmer_pop,CCRT,Vieira,F,YE,YE13,1683.77272,140.7696747
lmer_pop,CCRT,Vieira,F,YE,YE14,1523.00772,140.7696747
lmer_pop,CCRT,Vieira,F,YE,YE15,1321.06172,140.7696747
lmer_pop,CCRT,Vieira,F,YE,YE19,1281.54672,140.0362097
lmer_pop,CCRT,Vieira,F,YE,YE20,1334.03172,140.0362097
lmer_pop,CCRT,Vieira,F,YE,YE21,1540.01472,140.0362097
lmer_pop,CCRT,Vieira,F,YE,YE22,1615.10872,140.0362097
lmer_pop,CCRT,Vieira,F,YE,YE23,1452.13272,140.2519417
lmer_pop,CCRT,Vieira,F,YE,YE24,1597.95972,140.2519417
lmer_pop,CCRT,Vieira,F,YE,YE26,1443.27972,140.7696747
lmer_pop,CCRT,Vieira,F,YE,YE27,1367.37872,140.7696747
lmer_pop,CCRT,Vieira,F,YE,YE33,1592.98372,140.7696747
lmer_pop,CCRT,Vieira,F,YE,YE40,1424.75972,140.2519417
lmer_pop,CCRT,Vieira,F,YE,YE41,1491.78172,140.534039
lmer_pop,CCRT,Vieira,F,YE,YE48,1624.77072,140.534039
lmer_pop,CCRT,Vieira,F,YE,YE49,1375.34572,140.534039
lmer_pop,CCRT,Vieira,F,YE,YE51,1689.85172,140.534039
lmer_pop,CCRT,Vieira,F,YE,YE69,1416.12172,140.534039
lmer_pop,CCRT,Vieira,F,YE,YE80,1361.53772,140.534039
lmer_pop,CCRT,Vieira,M,AK,AK1,1575.324333,107.69299
lmer_pop,CCRT,Vieira,M,AK,AK10,1554.243333,107.69299
lmer_pop,CCRT,Vieira,M,AK,AK11,1540.421333,107.69299
lmer_pop,CCRT,Vieira,M,AK,AK12,1556.965333,107.69299
lmer_pop,CCRT,Vieira,M,AK,AK13,1573.699333,107.69299
lmer_pop,CCRT,Vieira,M,AK,AK14,1589.210333,107.69299
lmer_pop,CCRT,Vieira,M,AK,AK15,1582.963333,107.69299
lmer_pop,CCRT,Vieira,M,AK,AK16,1560.447333,107.69299
lmer_pop,CCRT,Vieira,M,AK,AK17,1575.620333,107.69299
lmer_pop,CCRT,Vieira,M,AK,AK18,1547.406333,107.69299
lmer_pop,CCRT,Vieira,M,AK,AK19,1539.598333,107.69299
lmer_pop,CCRT,Vieira,M,AK,AK2,1538.522333,107.69299
lmer_pop,CCRT,Vieira,M,AK,AK20,1568.361333,107.69299
lmer_pop,CCRT,Vieira,M,AK,AK3,1586.741333,107.69299
lmer_pop,CCRT,Vieira,M,AK,AK4,1548.820333,107.69299
lmer_pop,CCRT,Vieira,M,AK,AK5,1572.687333,107.69299
lmer_pop,CCRT,Vieira,M,AK,AK6,1548.693333,107.69299
lmer_pop,CCRT,Vieira,M,AK,AK7,1562.241333,107.69299
lmer_pop,CCRT,Vieira,M,AK,AK8,1556.142333,107.69299
lmer_pop,CCRT,Vieira,M,AK,AK9,1592.059333,107.69299
lmer_pop,CCRT,Vieira,M,GI,GI1,1784.227974,116.3711324
lmer_pop,CCRT,Vieira,M,GI,GI10,1865.556974,116.3711324
lmer_pop,CCRT,Vieira,M,GI,GI11,1842.892974,116.3711324
lmer_pop,CCRT,Vieira,M,GI,GI12,1788.975974,116.3711324
lmer_pop,CCRT,Vieira,M,GI,GI13,1927.809974,116.3711324
lmer_pop,CCRT,Vieira,M,GI,GI15,1815.670974,116.3711324
lmer_pop,CCRT,Vieira,M,GI,GI2,1843.420974,116.3711324
lmer_pop,CCRT,Vieira,M,GI,GI3,1882.101974,116.3711324
lmer_pop,CCRT,Vieira,M,GI,GI4,1916.603974,116.3711324
lmer_pop,CCRT,Vieira,M,GI,GI5,1791.866974,116.3711324
lmer_pop,CCRT,Vieira,M,GI,GI7,1877.690974,116.3711324
lmer_pop,CCRT,Vieira,M,GI,GI8,1791.170974,116.3711324
lmer_pop,CCRT,Vieira,M,GI,GI9,1855.174974,116.3711324
lmer_pop,CCRT,Vieira,M,KA,KA1,1482.900263,107.9230546
lmer_pop,CCRT,Vieira,M,KA,KA10,1456.388263,108.285199
lmer_pop,CCRT,Vieira,M,KA,KA11,1420.183263,107.9230546
lmer_pop,CCRT,Vieira,M,KA,KA13,1435.271263,107.9230546
lmer_pop,CCRT,Vieira,M,KA,KA14,1450.084263,108.285199
lmer_pop,CCRT,Vieira,M,KA,KA15,1453.061263,107.9230546
lmer_pop,CCRT,Vieira,M,KA,KA16,1454.622263,107.9230546
lmer_pop,CCRT,Vieira,M,KA,KA17,1447.448263,107.9230546
lmer_pop,CCRT,Vieira,M,KA,KA18,1413.747263,107.9230546
lmer_pop,CCRT,Vieira,M,KA,KA2,1398.258263,107.9230546
lmer_pop,CCRT,Vieira,M,KA,KA23,1472.370263,107.9230546
lmer_pop,CCRT,Vieira,M,KA,KA24,1462.684263,107.9230546
lmer_pop,CCRT,Vieira,M,KA,KA25,1434.005263,107.9230546
lmer_pop,CCRT,Vieira,M,KA,KA28,1428.877263,107.9230546
lmer_pop,CCRT,Vieira,M,KA,KA29,1415.161263,107.9230546
lmer_pop,CCRT,Vieira,M,KA,KA3,1512.155263,108.285199
lmer_pop,CCRT,Vieira,M,KA,KA5,1455.023263,107.9230546
lmer_pop,CCRT,Vieira,M,KA,KA6,1421.139263,108.285199
lmer_pop,CCRT,Vieira,M,KA,KA7,1425.227263,107.9230546
lmer_pop,CCRT,Vieira,M,KA,KA9,1474.438263,107.9230546
lmer_pop,CCRT,Vieira,M,MA,MA12,1339.104407,107.7499809
lmer_pop,CCRT,Vieira,M,MA,MA13,1318.487407,107.7499809
lmer_pop,CCRT,Vieira,M,MA,MA16,1317.495407,107.7499809
lmer_pop,CCRT,Vieira,M,MA,MA18,1273.877407,107.7499809
lmer_pop,CCRT,Vieira,M,MA,MA19,1315.005407,107.7499809
lmer_pop,CCRT,Vieira,M,MA,MA20,1313.191407,107.7499809
lmer_pop,CCRT,Vieira,M,MA,MA21,1297.279407,107.7499809
lmer_pop,CCRT,Vieira,M,MA,MA23,1312.220407,107.7499809
lmer_pop,CCRT,Vieira,M,MA,MA26,1308.548407,107.7499809
lmer_pop,CCRT,Vieira,M,MA,MA27,1377.975407,107.7499809
lmer_pop,CCRT,Vieira,M,MA,MA28,1370.800407,107.7499809
lmer_pop,CCRT,Vieira,M,MA,MA3,1311.205407,108.112705
lmer_pop,CCRT,Vieira,M,MA,MA30,1353.665407,107.7499809
lmer_pop,CCRT,Vieira,M,MA,MA31,1418.407407,107.7499809
lmer_pop,CCRT,Vieira,M,MA,MA32,1324.375407,107.7499809
lmer_pop,CCRT,Vieira,M,MA,MA33,1323.341407,107.7499809
lmer_pop,CCRT,Vieira,M,MA,MA5,1289.070407,107.7499809
lmer_pop,CCRT,Vieira,M,MA,MA6,1322.834407,107.7499809
lmer_pop,CCRT,Vieira,M,MA,MA7,1374.198407,107.7499809
lmer_pop,CCRT,Vieira,M,MA,MA9,1331.402407,107.7499809
lmer_pop,CCRT,Vieira,M,MU,MU1,1619.928333,107.69299
lmer_pop,CCRT,Vieira,M,MU,MU10,1665.488333,107.69299
lmer_pop,CCRT,Vieira,M,MU,MU11,1665.066333,107.69299
lmer_pop,CCRT,Vieira,M,MU,MU12,1666.163333,107.69299
lmer_pop,CCRT,Vieira,M,MU,MU13,1649.598333,107.69299
lmer_pop,CCRT,Vieira,M,MU,MU14,1655.253333,107.69299
lmer_pop,CCRT,Vieira,M,MU,MU15,1647.952333,107.69299
lmer_pop,CCRT,Vieira,M,MU,MU16,1739.832333,107.69299
lmer_pop,CCRT,Vieira,M,MU,MU17,1763.193333,107.69299
lmer_pop,CCRT,Vieira,M,MU,MU18,1673.444333,107.69299
lmer_pop,CCRT,Vieira,M,MU,MU19,1666.986333,107.69299
lmer_pop,CCRT,Vieira,M,MU,MU2,1768.109333,107.69299
lmer_pop,CCRT,Vieira,M,MU,MU20,1782.417333,107.69299
lmer_pop,CCRT,Vieira,M,MU,MU3,1656.393333,107.69299
lmer_pop,CCRT,Vieira,M,MU,MU4,1673.549333,107.69299
lmer_pop,CCRT,Vieira,M,MU,MU5,1653.207333,107.69299
lmer_pop,CCRT,Vieira,M,MU,MU6,1727.508333,107.69299
lmer_pop,CCRT,Vieira,M,MU,MU7,1812.572333,107.69299
lmer_pop,CCRT,Vieira,M,MU,MU8,1750.911333,107.69299
lmer_pop,CCRT,Vieira,M,MU,MU9,1650.590333,107.69299
lmer_pop,CCRT,Vieira,M,RE,RE10,1527.651169,111.8917601
lmer_pop,CCRT,Vieira,M,RE,RE11,1535.649169,111.8917601
lmer_pop,CCRT,Vieira,M,RE,RE12,1590.072169,111.8917601
lmer_pop,CCRT,Vieira,M,RE,RE13,1581.821169,111.8917601
lmer_pop,CCRT,Vieira,M,RE,RE15,1599.357169,111.8917601
lmer_pop,CCRT,Vieira,M,RE,RE16,1616.197169,111.8917601
lmer_pop,CCRT,Vieira,M,RE,RE17,1573.697169,111.8917601
lmer_pop,CCRT,Vieira,M,RE,RE18,1533.982169,111.8917601
lmer_pop,CCRT,Vieira,M,RE,RE2,1528.073169,111.8917601
lmer_pop,CCRT,Vieira,M,RE,RE3,1564.454169,111.8917601
lmer_pop,CCRT,Vieira,M,RE,RE4,1557.596169,111.8917601
lmer_pop,CCRT,Vieira,M,RE,RE5,1573.064169,111.8917601
lmer_pop,CCRT,Vieira,M,RE,RE6,1572.545169,112.2411003
lmer_pop,CCRT,Vieira,M,RE,RE7,1543.098169,111.8917601
lmer_pop,CCRT,Vieira,M,RE,RE8,1549.788169,111.8917601
lmer_pop,CCRT,Vieira,M,RE,RE9,1571.354169,111.8917601
lmer_pop,CCRT,Vieira,M,UM,UM13,1605.20247,108.697514
lmer_pop,CCRT,Vieira,M,UM,UM17,1570.04547,108.697514
lmer_pop,CCRT,Vieira,M,UM,UM18,1569.98247,108.697514
lmer_pop,CCRT,Vieira,M,UM,UM2,1551.45447,108.697514
lmer_pop,CCRT,Vieira,M,UM,UM20,1602.96947,109.0570866
lmer_pop,CCRT,Vieira,M,UM,UM21,1542.94947,108.697514
lmer_pop,CCRT,Vieira,M,UM,UM22,1581.31947,109.0570866
lmer_pop,CCRT,Vieira,M,UM,UM23,1633.24747,108.697514
lmer_pop,CCRT,Vieira,M,UM,UM24,1627.42247,108.697514
lmer_pop,CCRT,Vieira,M,UM,UM25,1569.91847,108.697514
lmer_pop,CCRT,Vieira,M,UM,UM26,1574.45547,108.697514
lmer_pop,CCRT,Vieira,M,UM,UM28,1593.19447,108.697514
lmer_pop,CCRT,Vieira,M,UM,UM29,1510.95847,108.697514
lmer_pop,CCRT,Vieira,M,UM,UM4,1557.67947,108.697514
lmer_pop,CCRT,Vieira,M,UM,UM5,1568.84247,108.697514
lmer_pop,CCRT,Vieira,M,UM,UM6,1571.01647,108.697514
lmer_pop,CCRT,Vieira,M,UM,UM7,1557.70047,108.697514
lmer_pop,CCRT,Vieira,M,UM,UM8,1615.14147,108.697514
lmer_pop,CCRT,Vieira,M,UM,UM9,1585.40747,108.697514
lmer_pop,CCRT,Vieira,M,VA,VA1,1504.737611,107.8073199
lmer_pop,CCRT,Vieira,M,VA,VA11,1477.072611,107.8073199
lmer_pop,CCRT,Vieira,M,VA,VA15,1521.450611,107.8073199
lmer_pop,CCRT,Vieira,M,VA,VA18,1493.785611,107.8073199
lmer_pop,CCRT,Vieira,M,VA,VA22,1526.790611,108.1698518
lmer_pop,CCRT,Vieira,M,VA,VA26,1519.551611,107.8073199
lmer_pop,CCRT,Vieira,M,VA,VA30,1471.417611,107.8073199
lmer_pop,CCRT,Vieira,M,VA,VA34,1521.809611,107.8073199
lmer_pop,CCRT,Vieira,M,VA,VA35,1506.404611,107.8073199
lmer_pop,CCRT,Vieira,M,VA,VA44,1535.800611,107.8073199
lmer_pop,CCRT,Vieira,M,VA,VA46,1480.069611,107.8073199
lmer_pop,CCRT,Vieira,M,VA,VA47,1503.556611,107.8073199
lmer_pop,CCRT,Vieira,M,VA,VA48,1532.128611,107.8073199
lmer_pop,CCRT,Vieira,M,VA,VA55,1529.490611,107.8073199
lmer_pop,CCRT,Vieira,M,VA,VA57,1492.603611,107.8073199
lmer_pop,CCRT,Vieira,M,VA,VA6,1485.787611,107.8073199
lmer_pop,CCRT,Vieira,M,VA,VA66,1502.522611,107.8073199
lmer_pop,CCRT,Vieira,M,VA,VA67,1520.227611,108.1698518
lmer_pop,CCRT,Vieira,M,VA,VA71,1487.919611,107.8073199
lmer_pop,CCRT,Vieira,M,VA,VA9,1494.882611,107.8073199
lmer_pop,CCRT,Vieira,M,YE,YE11,1680.664513,107.9814567
lmer_pop,CCRT,Vieira,M,YE,YE13,1637.868513,107.9814567
lmer_pop,CCRT,Vieira,M,YE,YE14,1615.373513,107.9814567
lmer_pop,CCRT,Vieira,M,YE,YE15,1661.714513,107.9814567
lmer_pop,CCRT,Vieira,M,YE,YE19,1650.276513,107.9814567
lmer_pop,CCRT,Vieira,M,YE,YE20,1608.050513,107.9814567
lmer_pop,CCRT,Vieira,M,YE,YE21,1609.928513,107.9814567
lmer_pop,CCRT,Vieira,M,YE,YE22,1661.671513,107.9814567
lmer_pop,CCRT,Vieira,M,YE,YE23,1688.450513,107.9814567
lmer_pop,CCRT,Vieira,M,YE,YE24,1643.544513,107.9814567
lmer_pop,CCRT,Vieira,M,YE,YE26,1619.600513,108.3434058
lmer_pop,CCRT,Vieira,M,YE,YE27,1633.058513,108.3434058
lmer_pop,CCRT,Vieira,M,YE,YE33,1668.614513,108.3434058
lmer_pop,CCRT,Vieira,M,YE,YE40,1685.158513,107.9814567
lmer_pop,CCRT,Vieira,M,YE,YE41,1676.063513,107.9814567
lmer_pop,CCRT,Vieira,M,YE,YE48,1673.636513,107.9814567
lmer_pop,CCRT,Vieira,M,YE,YE49,1689.928513,107.9814567
lmer_pop,CCRT,Vieira,M,YE,YE51,1711.702513,108.3434058
lmer_pop,CCRT,Vieira,M,YE,YE69,1654.897513,108.3434058
lmer_pop,CCRT,Vieira,M,YE,YE80,1592.666513,107.9814567
lmer_pop,CSM,Gonzalez,F,AK,AK1,1.137263917,0.101576232
lmer_pop,CSM,Gonzalez,F,AK,AK10,1.273263917,0.102424269
lmer_pop,CSM,Gonzalez,F,AK,AK11,1.488263917,0.101576232
lmer_pop,CSM,Gonzalez,F,AK,AK12,1.327263917,0.090031833
lmer_pop,CSM,Gonzalez,F,AK,AK13,1.401263917,0.095722155
lmer_pop,CSM,Gonzalez,F,AK,AK14,1.404263917,0.090031833
lmer_pop,CSM,Gonzalez,F,AK,AK15,1.273263917,0.102424269
lmer_pop,CSM,Gonzalez,F,AK,AK16,1.374263917,0.101576232
lmer_pop,CSM,Gonzalez,F,AK,AK17,1.299263917,0.080757234
lmer_pop,CSM,Gonzalez,F,AK,AK18,1.074263917,0.102424269
lmer_pop,CSM,Gonzalez,F,AK,AK2,1.225263917,0.101576232
lmer_pop,CSM,Gonzalez,F,AK,AK20,1.464263917,0.101576232
lmer_pop,CSM,Gonzalez,F,AK,AK21,1.437263917,0.101576232
lmer_pop,CSM,Gonzalez,F,AK,AK3,1.349263917,0.095722155
lmer_pop,CSM,Gonzalez,F,AK,AK4,1.381263917,0.101576232
lmer_pop,CSM,Gonzalez,F,AK,AK5,1.292263917,0.101576232
lmer_pop,CSM,Gonzalez,F,AK,AK6,1.218263917,0.102424269
lmer_pop,CSM,Gonzalez,F,AK,AK7,1.405263917,0.090031833
lmer_pop,CSM,Gonzalez,F,AK,AK8,1.434263917,0.101576232
lmer_pop,CSM,Gonzalez,F,AK,AK9,1.205263917,0.101576232
lmer_pop,CSM,Gonzalez,F,GI,GI1,0.983166805,0.105422113
lmer_pop,CSM,Gonzalez,F,GI,GI10,1.033166805,0.105422113
lmer_pop,CSM,Gonzalez,F,GI,GI11,1.205166805,0.105422113
lmer_pop,CSM,Gonzalez,F,GI,GI12,1.337166805,0.104598384
lmer_pop,CSM,Gonzalez,F,GI,GI13,1.261166805,0.104598384
lmer_pop,CSM,Gonzalez,F,GI,GI14,1.256166805,0.098923313
lmer_pop,CSM,Gonzalez,F,GI,GI15,1.335166805,0.105422113
lmer_pop,CSM,Gonzalez,F,GI,GI2,1.281166805,0.105422113
lmer_pop,CSM,Gonzalez,F,GI,GI3,1.010166805,0.104598384
lmer_pop,CSM,Gonzalez,F,GI,GI4,1.043166805,0.104598384
lmer_pop,CSM,Gonzalez,F,GI,GI5,1.321166805,0.105422113
lmer_pop,CSM,Gonzalez,F,GI,GI6,0.815166805,0.104598384
lmer_pop,CSM,Gonzalez,F,GI,GI7,1.042166805,0.104598384
lmer_pop,CSM,Gonzalez,F,GI,GI8,1.125166805,0.104598384
lmer_pop,CSM,Gonzalez,F,GI,GI9,1.218166805,0.105422113
lmer_pop,CSM,Gonzalez,F,KA,KA1,1.281155644,0.093568349
lmer_pop,CSM,Gonzalez,F,KA,KA10,0.979155644,0.104029015
lmer_pop,CSM,Gonzalez,F,KA,KA11,1.222155644,0.104857217
lmer_pop,CSM,Gonzalez,F,KA,KA13,1.131155644,0.09279028
lmer_pop,CSM,Gonzalez,F,KA,KA14,1.396155644,0.104029015
lmer_pop,CSM,Gonzalez,F,KA,KA15,1.233155644,0.104029015
lmer_pop,CSM,Gonzalez,F,KA,KA16,1.075155644,0.104029015
lmer_pop,CSM,Gonzalez,F,KA,KA17,1.257155644,0.09279028
lmer_pop,CSM,Gonzalez,F,KA,KA18,1.303155644,0.104029015
lmer_pop,CSM,Gonzalez,F,KA,KA2,1.118155644,0.104029015
lmer_pop,CSM,Gonzalez,F,KA,KA3,1.325155644,0.09279028
lmer_pop,CSM,Gonzalez,F,KA,KA5,1.259155644,0.104857217
lmer_pop,CSM,Gonzalez,F,KA,KA6,1.190155644,0.104857217
lmer_pop,CSM,Gonzalez,F,KA,KA7,1.395155644,0.09279028
lmer_pop,CSM,Gonzalez,F,KA,KA9,1.361155644,0.104857217
lmer_pop,CSM,Gonzalez,F,MA,MA12,1.377066783,0.102506842
lmer_pop,CSM,Gonzalez,F,MA,MA13,1.074066783,0.101659493
lmer_pop,CSM,Gonzalez,F,MA,MA16,1.387066783,0.101659493
lmer_pop,CSM,Gonzalez,F,MA,MA18,1.337066783,0.102506842
lmer_pop,CSM,Gonzalez,F,MA,MA19,1.380066783,0.095810504
lmer_pop,CSM,Gonzalez,F,MA,MA20,1.147066783,0.103356919
lmer_pop,CSM,Gonzalez,F,MA,MA21,1.400066783,0.102506842
lmer_pop,CSM,Gonzalez,F,MA,MA23,1.242066783,0.102506842
lmer_pop,CSM,Gonzalez,F,MA,MA26,1.061066783,0.102506842
lmer_pop,CSM,Gonzalez,F,MA,MA27,1.278066783,0.09012576
lmer_pop,CSM,Gonzalez,F,MA,MA28,1.282066783,0.101659493
lmer_pop,CSM,Gonzalez,F,MA,MA3,1.234066783,0.101659493
lmer_pop,CSM,Gonzalez,F,MA,MA30,1.398066783,0.102506842
lmer_pop,CSM,Gonzalez,F,MA,MA31,1.207066783,0.102506842
lmer_pop,CSM,Gonzalez,F,MA,MA32,1.195066783,0.102506842
lmer_pop,CSM,Gonzalez,F,MA,MA33,1.177066783,0.101659493
lmer_pop,CSM,Gonzalez,F,MA,MA5,1.062066783,0.102506842
lmer_pop,CSM,Gonzalez,F,MA,MA6,1.195066783,0.102506842
lmer_pop,CSM,Gonzalez,F,MA,MA7,1.186066783,0.101659493
lmer_pop,CSM,Gonzalez,F,MA,MA9,1.104066783,0.101659493
lmer_pop,CSM,Gonzalez,F,MU,MU1,1.223623214,0.102668357
lmer_pop,CSM,Gonzalez,F,MU,MU10,1.292623214,0.101822353
lmer_pop,CSM,Gonzalez,F,MU,MU11,1.475623214,0.101822353
lmer_pop,CSM,Gonzalez,F,MU,MU12,1.216623214,0.101822353
lmer_pop,CSM,Gonzalez,F,MU,MU13,1.154623214,0.112141836
lmer_pop,CSM,Gonzalez,F,MU,MU14,1.352623214,0.101822353
lmer_pop,CSM,Gonzalez,F,MU,MU15,1.346623214,0.102668357
lmer_pop,CSM,Gonzalez,F,MU,MU16,1.188623214,0.095983288
lmer_pop,CSM,Gonzalez,F,MU,MU17,1.437623214,0.095983288
lmer_pop,CSM,Gonzalez,F,MU,MU18,1.292623214,0.101822353
lmer_pop,CSM,Gonzalez,F,MU,MU19,1.299623214,0.101822353
lmer_pop,CSM,Gonzalez,F,MU,MU2,1.058623214,0.102668357
lmer_pop,CSM,Gonzalez,F,MU,MU20,1.375623214,0.090309421
lmer_pop,CSM,Gonzalez,F,MU,MU3,1.484623214,0.112141836
lmer_pop,CSM,Gonzalez,F,MU,MU4,1.153623214,0.102668357
lmer_pop,CSM,Gonzalez,F,MU,MU5,1.227623214,0.102668357
lmer_pop,CSM,Gonzalez,F,MU,MU6,1.375623214,0.102668357
lmer_pop,CSM,Gonzalez,F,MU,MU7,1.350623214,0.101822353
lmer_pop,CSM,Gonzalez,F,MU,MU8,1.450623214,0.101822353
lmer_pop,CSM,Gonzalez,F,MU,MU9,0.991623214,0.095983288
lmer_pop,CSM,Gonzalez,F,RE,RE1,1.2340698,0.098289795
lmer_pop,CSM,Gonzalez,F,RE,RE10,1.2900698,0.091896049
lmer_pop,CSM,Gonzalez,F,RE,RE11,1.2320698,0.103232184
lmer_pop,CSM,Gonzalez,F,RE,RE12,1.2050698,0.104066727
lmer_pop,CSM,Gonzalez,F,RE,RE13,1.2760698,0.103232184
lmer_pop,CSM,Gonzalez,F,RE,RE15,1.3290698,0.104066727
lmer_pop,CSM,Gonzalez,F,RE,RE16,1.4580698,0.104066727
lmer_pop,CSM,Gonzalez,F,RE,RE17,1.0120698,0.104066727
lmer_pop,CSM,Gonzalez,F,RE,RE18,1.2930698,0.103232184
lmer_pop,CSM,Gonzalez,F,RE,RE2,1.2760698,0.103232184
lmer_pop,CSM,Gonzalez,F,RE,RE3,1.2440698,0.103232184
lmer_pop,CSM,Gonzalez,F,RE,RE4,1.1520698,0.104066727
lmer_pop,CSM,Gonzalez,F,RE,RE5,1.1270698,0.091896049
lmer_pop,CSM,Gonzalez,F,RE,RE6,0.9970698,0.103232184
lmer_pop,CSM,Gonzalez,F,RE,RE7,1.1300698,0.091896049
lmer_pop,CSM,Gonzalez,F,RE,RE8,1.1540698,0.098289795
lmer_pop,CSM,Gonzalez,F,UM,UM13,1.218220935,0.085123349
lmer_pop,CSM,Gonzalez,F,UM,UM17,1.136220935,0.105900824
lmer_pop,CSM,Gonzalez,F,UM,UM18,0.914220935,0.105080847
lmer_pop,CSM,Gonzalez,F,UM,UM2,1.160220935,0.115108577
lmer_pop,CSM,Gonzalez,F,UM,UM20,1.022220935,0.105080847
lmer_pop,CSM,Gonzalez,F,UM,UM21,0.989220935,0.105080847
lmer_pop,CSM,Gonzalez,F,UM,UM22,1.257220935,0.105900824
lmer_pop,CSM,Gonzalez,F,UM,UM23,0.918220935,0.105080847
lmer_pop,CSM,Gonzalez,F,UM,UM26,1.294220935,0.105080847
lmer_pop,CSM,Gonzalez,F,UM,UM29,1.213220935,0.093967997
lmer_pop,CSM,Gonzalez,F,UM,UM4,0.967220935,0.105080847
lmer_pop,CSM,Gonzalez,F,UM,UM5,1.291220935,0.105900824
lmer_pop,CSM,Gonzalez,F,UM,UM7,1.188220935,0.105900824
lmer_pop,CSM,Gonzalez,F,UM,UM9,1.255220935,0.105080847
lmer_pop,CSM,Gonzalez,F,VA,VA1,1.210434832,0.101831527
lmer_pop,CSM,Gonzalez,F,VA,VA11,1.135434832,0.101831527
lmer_pop,CSM,Gonzalez,F,VA,VA15,1.226434832,0.101831527
lmer_pop,CSM,Gonzalez,F,VA,VA18,1.397434832,0.101831527
lmer_pop,CSM,Gonzalez,F,VA,VA22,1.363434832,0.090319765
lmer_pop,CSM,Gonzalez,F,VA,VA26,1.260434832,0.101831527
lmer_pop,CSM,Gonzalez,F,VA,VA30,1.194434832,0.102677456
lmer_pop,CSM,Gonzalez,F,VA,VA34,1.401434832,0.101831527
lmer_pop,CSM,Gonzalez,F,VA,VA35,1.256434832,0.101831527
lmer_pop,CSM,Gonzalez,F,VA,VA44,1.293434832,0.101831527
lmer_pop,CSM,Gonzalez,F,VA,VA46,0.917434832,0.101831527
lmer_pop,CSM,Gonzalez,F,VA,VA47,1.149434832,0.102677456
lmer_pop,CSM,Gonzalez,F,VA,VA48,1.206434832,0.102677456
lmer_pop,CSM,Gonzalez,F,VA,VA55,1.261434832,0.101831527
lmer_pop,CSM,Gonzalez,F,VA,VA57,0.990434832,0.101831527
lmer_pop,CSM,Gonzalez,F,VA,VA6,1.270434832,0.102677456
lmer_pop,CSM,Gonzalez,F,VA,VA66,1.095434832,0.08107811
lmer_pop,CSM,Gonzalez,F,VA,VA67,1.167434832,0.090319765
lmer_pop,CSM,Gonzalez,F,VA,VA71,1.131434832,0.101831527
lmer_pop,CSM,Gonzalez,F,VA,VA9,1.181434832,0.101831527
lmer_pop,CSM,Gonzalez,F,YE,YE11,1.289558734,0.103060515
lmer_pop,CSM,Gonzalez,F,YE,YE13,1.306558734,0.101358126
lmer_pop,CSM,Gonzalez,F,YE,YE14,1.207558734,0.102207973
lmer_pop,CSM,Gonzalez,F,YE,YE15,1.378558734,0.089785688
lmer_pop,CSM,Gonzalez,F,YE,YE19,1.266558734,0.101358126
lmer_pop,CSM,Gonzalez,F,YE,YE20,1.248558734,0.095490679
lmer_pop,CSM,Gonzalez,F,YE,YE21,1.004558734,0.089785688
lmer_pop,CSM,Gonzalez,F,YE,YE22,1.369558734,0.102207973
lmer_pop,CSM,Gonzalez,F,YE,YE23,1.188558734,0.089785688
lmer_pop,CSM,Gonzalez,F,YE,YE24,1.194558734,0.101358126
lmer_pop,CSM,Gonzalez,F,YE,YE26,1.340558734,0.101358126
lmer_pop,CSM,Gonzalez,F,YE,YE27,1.202558734,0.089785688
lmer_pop,CSM,Gonzalez,F,YE,YE33,1.143558734,0.102207973
lmer_pop,CSM,Gonzalez,F,YE,YE40,1.170558734,0.101358126
lmer_pop,CSM,Gonzalez,F,YE,YE41,1.446558734,0.095490679
lmer_pop,CSM,Gonzalez,F,YE,YE48,1.289558734,0.101358126
lmer_pop,CSM,Gonzalez,F,YE,YE49,1.263558734,0.101358126
lmer_pop,CSM,Gonzalez,F,YE,YE51,1.213558734,0.095490679
lmer_pop,CSM,Gonzalez,F,YE,YE69,1.372558734,0.102207973
lmer_pop,CSM,Gonzalez,F,YE,YE80,1.334558734,0.102207973
lmer_pop,CSM,Gonzalez,M,AK,AK1,0.830522407,0.127390371
lmer_pop,CSM,Gonzalez,M,AK,AK10,0.825522407,0.127390371
lmer_pop,CSM,Gonzalez,M,AK,AK11,0.866522407,0.127390371
lmer_pop,CSM,Gonzalez,M,AK,AK12,0.978522407,0.115257567
lmer_pop,CSM,Gonzalez,M,AK,AK13,1.004522407,0.120454584
lmer_pop,CSM,Gonzalez,M,AK,AK14,1.007522407,0.115257567
lmer_pop,CSM,Gonzalez,M,AK,AK15,0.930522407,0.127390371
lmer_pop,CSM,Gonzalez,M,AK,AK16,0.784522407,0.127390371
lmer_pop,CSM,Gonzalez,M,AK,AK17,1.012522407,0.106156991
lmer_pop,CSM,Gonzalez,M,AK,AK18,0.957522407,0.127390371
lmer_pop,CSM,Gonzalez,M,AK,AK2,0.662522407,0.127390371
lmer_pop,CSM,Gonzalez,M,AK,AK20,0.999522407,0.127390371
lmer_pop,CSM,Gonzalez,M,AK,AK21,1.051522407,0.127390371
lmer_pop,CSM,Gonzalez,M,AK,AK3,0.857522407,0.121211826
lmer_pop,CSM,Gonzalez,M,AK,AK4,1.065522407,0.127390371
lmer_pop,CSM,Gonzalez,M,AK,AK5,0.809522407,0.127390371
lmer_pop,CSM,Gonzalez,M,AK,AK6,0.665522407,0.127390371
lmer_pop,CSM,Gonzalez,M,AK,AK7,0.847522407,0.115257567
lmer_pop,CSM,Gonzalez,M,AK,AK8,0.724522407,0.127390371
lmer_pop,CSM,Gonzalez,M,AK,AK9,0.929522407,0.127390371
lmer_pop,CSM,Gonzalez,M,GI,GI1,1.018505595,0.130482526
lmer_pop,CSM,Gonzalez,M,GI,GI10,0.756505595,0.130482526
lmer_pop,CSM,Gonzalez,M,GI,GI11,1.144505595,0.130482526
lmer_pop,CSM,Gonzalez,M,GI,GI12,1.192505595,0.130482526
lmer_pop,CSM,Gonzalez,M,GI,GI13,0.965505595,0.130482526
lmer_pop,CSM,Gonzalez,M,GI,GI14,0.921505595,0.123720206
lmer_pop,CSM,Gonzalez,M,GI,GI15,1.010505595,0.130482526
lmer_pop,CSM,Gonzalez,M,GI,GI2,0.867505595,0.130482526
lmer_pop,CSM,Gonzalez,M,GI,GI3,0.863505595,0.130482526
lmer_pop,CSM,Gonzalez,M,GI,GI4,1.127505595,0.130482526
lmer_pop,CSM,Gonzalez,M,GI,GI5,1.022505595,0.130482526
lmer_pop,CSM,Gonzalez,M,GI,GI6,0.936505595,0.130482526
lmer_pop,CSM,Gonzalez,M,GI,GI7,0.888505595,0.130482526
lmer_pop,CSM,Gonzalez,M,GI,GI8,0.762505595,0.130482526
lmer_pop,CSM,Gonzalez,M,GI,GI9,1.002505595,0.130482526
lmer_pop,CSM,Gonzalez,M,KA,KA1,1.157456982,0.11864641
lmer_pop,CSM,Gonzalez,M,KA,KA10,0.625456982,0.12981514
lmer_pop,CSM,Gonzalez,M,KA,KA11,1.140456982,0.12981514
lmer_pop,CSM,Gonzalez,M,KA,KA13,1.097456982,0.117932059
lmer_pop,CSM,Gonzalez,M,KA,KA14,1.069456982,0.12981514
lmer_pop,CSM,Gonzalez,M,KA,KA15,0.900456982,0.12981514
lmer_pop,CSM,Gonzalez,M,KA,KA16,0.825456982,0.12981514
lmer_pop,CSM,Gonzalez,M,KA,KA17,0.822456982,0.117932059
lmer_pop,CSM,Gonzalez,M,KA,KA18,1.196456982,0.12981514
lmer_pop,CSM,Gonzalez,M,KA,KA2,0.840456982,0.12981514
lmer_pop,CSM,Gonzalez,M,KA,KA3,1.023456982,0.117932059
lmer_pop,CSM,Gonzalez,M,KA,KA5,1.051456982,0.12981514
lmer_pop,CSM,Gonzalez,M,KA,KA6,1.102456982,0.12981514
lmer_pop,CSM,Gonzalez,M,KA,KA7,0.988456982,0.117932059
lmer_pop,CSM,Gonzalez,M,KA,KA9,1.001456982,0.12981514
lmer_pop,CSM,Gonzalez,M,MA,MA12,1.032343655,0.12749943
lmer_pop,CSM,Gonzalez,M,MA,MA13,1.051343655,0.12749943
lmer_pop,CSM,Gonzalez,M,MA,MA16,0.972343655,0.12749943
lmer_pop,CSM,Gonzalez,M,MA,MA18,0.905343655,0.12749943
lmer_pop,CSM,Gonzalez,M,MA,MA19,0.894343655,0.120569916
lmer_pop,CSM,Gonzalez,M,MA,MA20,0.767343655,0.129074027
lmer_pop,CSM,Gonzalez,M,MA,MA21,0.991343655,0.12749943
lmer_pop,CSM,Gonzalez,M,MA,MA23,0.786343655,0.12749943
lmer_pop,CSM,Gonzalez,M,MA,MA26,0.835343655,0.12749943
lmer_pop,CSM,Gonzalez,M,MA,MA27,1.014343655,0.115378094
lmer_pop,CSM,Gonzalez,M,MA,MA28,1.004343655,0.12749943
lmer_pop,CSM,Gonzalez,M,MA,MA3,0.786343655,0.12749943
lmer_pop,CSM,Gonzalez,M,MA,MA30,0.988343655,0.12749943
lmer_pop,CSM,Gonzalez,M,MA,MA31,0.897343655,0.12749943
lmer_pop,CSM,Gonzalez,M,MA,MA32,0.832343655,0.12749943
lmer_pop,CSM,Gonzalez,M,MA,MA33,1.023343655,0.12749943
lmer_pop,CSM,Gonzalez,M,MA,MA5,0.786343655,0.12749943
lmer_pop,CSM,Gonzalez,M,MA,MA6,0.959343655,0.12749943
lmer_pop,CSM,Gonzalez,M,MA,MA7,1.029343655,0.12749943
lmer_pop,CSM,Gonzalez,M,MA,MA9,0.789343655,0.12749943
lmer_pop,CSM,Gonzalez,M,MU,MU1,0.697811917,0.127677127
lmer_pop,CSM,Gonzalez,M,MU,MU10,0.942811917,0.127677127
lmer_pop,CSM,Gonzalez,M,MU,MU11,0.878811917,0.127677127
lmer_pop,CSM,Gonzalez,M,MU,MU12,0.970811917,0.127677127
lmer_pop,CSM,Gonzalez,M,MU,MU13,0.795811917,0.137278726
lmer_pop,CSM,Gonzalez,M,MU,MU14,0.767811917,0.127677127
lmer_pop,CSM,Gonzalez,M,MU,MU15,0.853811917,0.127677127
lmer_pop,CSM,Gonzalez,M,MU,MU16,0.865811917,0.121513163
lmer_pop,CSM,Gonzalez,M,MU,MU17,0.863811917,0.12075781
lmer_pop,CSM,Gonzalez,M,MU,MU18,0.999811917,0.127677127
lmer_pop,CSM,Gonzalez,M,MU,MU19,0.823811917,0.127677127
lmer_pop,CSM,Gonzalez,M,MU,MU2,0.964811917,0.127677127
lmer_pop,CSM,Gonzalez,M,MU,MU20,1.166811917,0.115574429
lmer_pop,CSM,Gonzalez,M,MU,MU3,1.067811917,0.137278726
lmer_pop,CSM,Gonzalez,M,MU,MU4,1.016811917,0.127677127
lmer_pop,CSM,Gonzalez,M,MU,MU5,0.956811917,0.127677127
lmer_pop,CSM,Gonzalez,M,MU,MU6,0.986811917,0.127677127
lmer_pop,CSM,Gonzalez,M,MU,MU7,0.775811917,0.127677127
lmer_pop,CSM,Gonzalez,M,MU,MU8,0.921811917,0.127677127
lmer_pop,CSM,Gonzalez,M,MU,MU9,0.674811917,0.121513163
lmer_pop,CSM,Gonzalez,M,RE,RE1,0.920923786,0.123629055
lmer_pop,CSM,Gonzalez,M,RE,RE10,0.972923786,0.117009159
lmer_pop,CSM,Gonzalez,M,RE,RE11,0.961923786,0.128977298
lmer_pop,CSM,Gonzalez,M,RE,RE12,0.926923786,0.128977298
lmer_pop,CSM,Gonzalez,M,RE,RE13,0.856923786,0.128977298
lmer_pop,CSM,Gonzalez,M,RE,RE15,0.984923786,0.128977298
lmer_pop,CSM,Gonzalez,M,RE,RE16,0.829923786,0.128977298
lmer_pop,CSM,Gonzalez,M,RE,RE17,0.683923786,0.128977298
lmer_pop,CSM,Gonzalez,M,RE,RE18,1.056923786,0.128977298
lmer_pop,CSM,Gonzalez,M,RE,RE2,0.852923786,0.128977298
lmer_pop,CSM,Gonzalez,M,RE,RE3,1.078923786,0.128977298
lmer_pop,CSM,Gonzalez,M,RE,RE4,0.844923786,0.129754165
lmer_pop,CSM,Gonzalez,M,RE,RE5,0.886923786,0.117009159
lmer_pop,CSM,Gonzalez,M,RE,RE6,0.915923786,0.128977298
lmer_pop,CSM,Gonzalez,M,RE,RE7,0.829923786,0.117009159
lmer_pop,CSM,Gonzalez,M,RE,RE8,0.714923786,0.123629055
lmer_pop,CSM,Gonzalez,M,UM,UM13,1.028463669,0.110342926
lmer_pop,CSM,Gonzalez,M,UM,UM17,0.929463669,0.13089905
lmer_pop,CSM,Gonzalez,M,UM,UM18,0.546463669,0.13089905
lmer_pop,CSM,Gonzalez,M,UM,UM2,0.780463669,0.140280296
lmer_pop,CSM,Gonzalez,M,UM,UM20,0.765463669,0.13089905
lmer_pop,CSM,Gonzalez,M,UM,UM21,0.770463669,0.13089905
lmer_pop,CSM,Gonzalez,M,UM,UM22,0.828463669,0.13089905
lmer_pop,CSM,Gonzalez,M,UM,UM23,1.023463669,0.13089905
lmer_pop,CSM,Gonzalez,M,UM,UM26,0.804463669,0.13089905
lmer_pop,CSM,Gonzalez,M,UM,UM29,0.962463669,0.119124143
lmer_pop,CSM,Gonzalez,M,UM,UM4,0.975463669,0.13089905
lmer_pop,CSM,Gonzalez,M,UM,UM5,0.889463669,0.13089905
lmer_pop,CSM,Gonzalez,M,UM,UM7,0.693463669,0.13089905
lmer_pop,CSM,Gonzalez,M,UM,UM9,0.670463669,0.13089905
lmer_pop,CSM,Gonzalez,M,VA,VA1,0.846908437,0.127684356
lmer_pop,CSM,Gonzalez,M,VA,VA11,0.809908437,0.127684356
lmer_pop,CSM,Gonzalez,M,VA,VA15,0.874908437,0.127684356
lmer_pop,CSM,Gonzalez,M,VA,VA18,0.964908437,0.127684356
lmer_pop,CSM,Gonzalez,M,VA,VA22,0.800908437,0.115582416
lmer_pop,CSM,Gonzalez,M,VA,VA26,0.818908437,0.127684356
lmer_pop,CSM,Gonzalez,M,VA,VA30,0.747908437,0.127684356
lmer_pop,CSM,Gonzalez,M,VA,VA34,0.881908437,0.127684356
lmer_pop,CSM,Gonzalez,M,VA,VA35,0.853908437,0.127684356
lmer_pop,CSM,Gonzalez,M,VA,VA44,0.823908437,0.127684356
lmer_pop,CSM,Gonzalez,M,VA,VA46,0.700908437,0.127684356
lmer_pop,CSM,Gonzalez,M,VA,VA47,1.202908437,0.127684356
lmer_pop,CSM,Gonzalez,M,VA,VA48,1.177908437,0.127684356
lmer_pop,CSM,Gonzalez,M,VA,VA55,0.905908437,0.127684356
lmer_pop,CSM,Gonzalez,M,VA,VA57,0.880908437,0.127684356
lmer_pop,CSM,Gonzalez,M,VA,VA6,0.832908437,0.127684356
lmer_pop,CSM,Gonzalez,M,VA,VA66,0.699908437,0.1065096
lmer_pop,CSM,Gonzalez,M,VA,VA67,0.959908437,0.115582416
lmer_pop,CSM,Gonzalez,M,VA,VA71,0.924908437,0.127684356
lmer_pop,CSM,Gonzalez,M,VA,VA9,0.688908437,0.127684356
lmer_pop,CSM,Gonzalez,M,YE,YE11,1.059507168,0.128728254
lmer_pop,CSM,Gonzalez,M,YE,YE13,0.970507168,0.127149374
lmer_pop,CSM,Gonzalez,M,YE,YE14,0.901507168,0.127149374
lmer_pop,CSM,Gonzalez,M,YE,YE15,1.190507168,0.114991145
lmer_pop,CSM,Gonzalez,M,YE,YE19,1.180507168,0.127149374
lmer_pop,CSM,Gonzalez,M,YE,YE20,1.002507168,0.120199681
lmer_pop,CSM,Gonzalez,M,YE,YE21,0.876507168,0.114991145
lmer_pop,CSM,Gonzalez,M,YE,YE22,1.101507168,0.127937342
lmer_pop,CSM,Gonzalez,M,YE,YE23,1.207507168,0.114991145
lmer_pop,CSM,Gonzalez,M,YE,YE24,0.873507168,0.127149374
lmer_pop,CSM,Gonzalez,M,YE,YE26,1.056507168,0.127149374
lmer_pop,CSM,Gonzalez,M,YE,YE27,0.947507168,0.114991145
lmer_pop,CSM,Gonzalez,M,YE,YE33,1.030507168,0.127149374
lmer_pop,CSM,Gonzalez,M,YE,YE40,1.197507168,0.127149374
lmer_pop,CSM,Gonzalez,M,YE,YE41,1.184507168,0.120199681
lmer_pop,CSM,Gonzalez,M,YE,YE48,1.027507168,0.127149374
lmer_pop,CSM,Gonzalez,M,YE,YE49,1.006507168,0.127149374
lmer_pop,CSM,Gonzalez,M,YE,YE51,1.062507168,0.120199681
lmer_pop,CSM,Gonzalez,M,YE,YE69,1.162507168,0.127149374
lmer_pop,CSM,Gonzalez,M,YE,YE80,0.691507168,0.127149374
lmer_pop,DT_A,Gibert,F,AK,AK1,209.4726517,2.480796421
lmer_pop,DT_A,Gibert,F,AK,AK10,219.5526517,2.473837481
lmer_pop,DT_A,Gibert,F,AK,AK11,225.7146517,2.431601711
lmer_pop,DT_A,Gibert,F,AK,AK12,219.6936517,2.072644418
lmer_pop,DT_A,Gibert,F,AK,AK13,224.9326517,2.445368455
lmer_pop,DT_A,Gibert,F,AK,AK14,227.3746517,2.495530381
lmer_pop,DT_A,Gibert,F,AK,AK15,219.8696517,2.566875704
lmer_pop,DT_A,Gibert,F,AK,AK16,219.0266517,2.430838514
lmer_pop,DT_A,Gibert,F,AK,AK17,215.4426517,2.505644604
lmer_pop,DT_A,Gibert,F,AK,AK18,227.7976517,2.574791425
lmer_pop,DT_A,Gibert,F,AK,AK2,222.7856517,2.473837481
lmer_pop,DT_A,Gibert,F,AK,AK20,223.7876517,2.477701936
lmer_pop,DT_A,Gibert,F,AK,AK21,226.0506517,2.49087131
lmer_pop,DT_A,Gibert,F,AK,AK3,221.1356517,2.473837481
lmer_pop,DT_A,Gibert,F,AK,AK4,228.0016517,2.54007222
lmer_pop,DT_A,Gibert,F,AK,AK5,226.2886517,2.389131826
lmer_pop,DT_A,Gibert,F,AK,AK6,221.7146517,2.557396114
lmer_pop,DT_A,Gibert,F,AK,AK7,219.9056517,2.51188194
lmer_pop,DT_A,Gibert,F,AK,AK8,227.9626517,2.447668254
lmer_pop,DT_A,Gibert,F,AK,AK9,221.0816517,2.372600869
lmer_pop,DT_A,Gibert,F,GI,GI1,228.2763551,2.60513458
lmer_pop,DT_A,Gibert,F,GI,GI10,225.9033551,2.288591528
lmer_pop,DT_A,Gibert,F,GI,GI11,223.1963551,2.672814842
lmer_pop,DT_A,Gibert,F,GI,GI12,236.7753551,2.95653415
lmer_pop,DT_A,Gibert,F,GI,GI13,228.3063551,2.620281508
lmer_pop,DT_A,Gibert,F,GI,GI14,231.3983551,2.864906836
lmer_pop,DT_A,Gibert,F,GI,GI15,228.0763551,2.846341368
lmer_pop,DT_A,Gibert,F,GI,GI2,221.2363551,2.714291654
lmer_pop,DT_A,Gibert,F,GI,GI3,223.0053551,2.580071933
lmer_pop,DT_A,Gibert,F,GI,GI4,225.3063551,2.966825101
lmer_pop,DT_A,Gibert,F,GI,GI5,219.8713551,2.766857275
lmer_pop,DT_A,Gibert,F,GI,GI6,233.6143551,2.71503705
lmer_pop,DT_A,Gibert,F,GI,GI7,228.7003551,2.706846723
lmer_pop,DT_A,Gibert,F,GI,GI8,220.9903551,2.623175782
lmer_pop,DT_A,Gibert,F,GI,GI9,226.0883551,2.653739094
lmer_pop,DT_A,Gibert,F,KA,KA1,219.4558317,2.708735202
lmer_pop,DT_A,Gibert,F,KA,KA10,222.5908317,2.620894197
lmer_pop,DT_A,Gibert,F,KA,KA11,221.9558317,2.127477707
lmer_pop,DT_A,Gibert,F,KA,KA13,222.7818317,2.565885109
lmer_pop,DT_A,Gibert,F,KA,KA14,230.7698317,2.446806366
lmer_pop,DT_A,Gibert,F,KA,KA15,221.2858317,2.440016064
lmer_pop,DT_A,Gibert,F,KA,KA16,216.6748317,2.52781989
lmer_pop,DT_A,Gibert,F,KA,KA17,215.9728317,2.459671196
lmer_pop,DT_A,Gibert,F,KA,KA18,222.4458317,2.517013586
lmer_pop,DT_A,Gibert,F,KA,KA2,227.0638317,2.509314128
lmer_pop,DT_A,Gibert,F,KA,KA23,219.4818317,2.484785986
lmer_pop,DT_A,Gibert,F,KA,KA24,219.7628317,2.461188005
lmer_pop,DT_A,Gibert,F,KA,KA25,226.6108317,2.520097894
lmer_pop,DT_A,Gibert,F,KA,KA28,221.3148317,2.476393829
lmer_pop,DT_A,Gibert,F,KA,KA29,224.5678317,2.477155908
lmer_pop,DT_A,Gibert,F,KA,KA3,218.1688317,2.537107289
lmer_pop,DT_A,Gibert,F,KA,KA5,229.1448317,2.588586756
lmer_pop,DT_A,Gibert,F,KA,KA6,230.3408317,2.537882266
lmer_pop,DT_A,Gibert,F,KA,KA7,231.6398317,2.476393829
lmer_pop,DT_A,Gibert,F,KA,KA9,225.1278317,2.576828748
lmer_pop,DT_A,Gibert,F,MA,MA12,213.8057531,2.434585144
lmer_pop,DT_A,Gibert,F,MA,MA13,216.9697531,2.478430315
lmer_pop,DT_A,Gibert,F,MA,MA16,226.8687531,2.572486118
lmer_pop,DT_A,Gibert,F,MA,MA18,221.0087531,2.569365063
lmer_pop,DT_A,Gibert,F,MA,MA19,222.0077531,2.480713975
lmer_pop,DT_A,Gibert,F,MA,MA20,224.2517531,2.616432079
lmer_pop,DT_A,Gibert,F,MA,MA21,225.1267531,2.463245182
lmer_pop,DT_A,Gibert,F,MA,MA23,229.8297531,2.577953806
lmer_pop,DT_A,Gibert,F,MA,MA26,230.8927531,2.545260267
lmer_pop,DT_A,Gibert,F,MA,MA27,219.7457531,2.62511825
lmer_pop,DT_A,Gibert,F,MA,MA28,220.9967531,2.491391142
lmer_pop,DT_A,Gibert,F,MA,MA3,221.3357531,2.462487731
lmer_pop,DT_A,Gibert,F,MA,MA30,223.9467531,2.15785584
lmer_pop,DT_A,Gibert,F,MA,MA31,237.7367531,3.059612692
lmer_pop,DT_A,Gibert,F,MA,MA32,222.3447531,2.628281154
lmer_pop,DT_A,Gibert,F,MA,MA33,216.7967531,2.457190433
lmer_pop,DT_A,Gibert,F,MA,MA5,211.1167531,2.668007089
lmer_pop,DT_A,Gibert,F,MA,MA6,218.5127531,2.470070004
lmer_pop,DT_A,Gibert,F,MA,MA7,218.4597531,2.461730453
lmer_pop,DT_A,Gibert,F,MA,MA9,220.0427531,2.574828504
lmer_pop,DT_A,Gibert,F,MU,MU1,221.936417,2.492700383
lmer_pop,DT_A,Gibert,F,MU,MU10,209.702417,2.420716878
lmer_pop,DT_A,Gibert,F,MU,MU11,221.032417,2.581830785
lmer_pop,DT_A,Gibert,F,MU,MU12,221.781417,2.393858434
lmer_pop,DT_A,Gibert,F,MU,MU13,230.235417,2.60778128
lmer_pop,DT_A,Gibert,F,MU,MU14,217.333417,2.491169043
lmer_pop,DT_A,Gibert,F,MU,MU15,233.555417,2.459924837
lmer_pop,DT_A,Gibert,F,MU,MU16,230.005417,2.568525492
lmer_pop,DT_A,Gibert,F,MU,MU17,235.612417,2.483522338
lmer_pop,DT_A,Gibert,F,MU,MU18,224.074417,2.458408063
lmer_pop,DT_A,Gibert,F,MU,MU19,224.535417,2.154064809
lmer_pop,DT_A,Gibert,F,MU,MU2,208.654417,2.438753411
lmer_pop,DT_A,Gibert,F,MU,MU20,225.812417,2.47513034
lmer_pop,DT_A,Gibert,F,MU,MU3,211.983417,2.593606601
lmer_pop,DT_A,Gibert,F,MU,MU4,231.808417,2.489638368
lmer_pop,DT_A,Gibert,F,MU,MU5,233.751417,2.492700383
lmer_pop,DT_A,Gibert,F,MU,MU6,218.461417,2.576346871
lmer_pop,DT_A,Gibert,F,MU,MU7,220.989417,2.506512159
lmer_pop,DT_A,Gibert,F,MU,MU8,230.816417,2.62279435
lmer_pop,DT_A,Gibert,F,MU,MU9,221.666417,2.58104692
lmer_pop,DT_A,Gibert,F,RE,RE1,222.524522,2.660735295
lmer_pop,DT_A,Gibert,F,RE,RE10,227.889522,2.699770418
lmer_pop,DT_A,Gibert,F,RE,RE11,228.827522,2.79378548
lmer_pop,DT_A,Gibert,F,RE,RE12,223.224522,3.423480146
lmer_pop,DT_A,Gibert,F,RE,RE13,226.658522,3.126698788
lmer_pop,DT_A,Gibert,F,RE,RE15,231.899522,2.664469424
lmer_pop,DT_A,Gibert,F,RE,RE16,224.553522,2.593519098
lmer_pop,DT_A,Gibert,F,RE,RE17,221.585522,2.58986801
lmer_pop,DT_A,Gibert,F,RE,RE18,229.807522,2.628056375
lmer_pop,DT_A,Gibert,F,RE,RE2,226.085522,2.610371681
lmer_pop,DT_A,Gibert,F,RE,RE3,240.721522,2.896304596
lmer_pop,DT_A,Gibert,F,RE,RE4,222.427522,2.690723381
lmer_pop,DT_A,Gibert,F,RE,RE5,221.281522,2.59278852
lmer_pop,DT_A,Gibert,F,RE,RE6,231.595522,2.782970591
lmer_pop,DT_A,Gibert,F,RE,RE7,224.901522,2.339478
lmer_pop,DT_A,Gibert,F,RE,RE8,241.640522,2.872622549
lmer_pop,DT_A,Gibert,F,UM,UM13,223.7565073,2.585809819
lmer_pop,DT_A,Gibert,F,UM,UM17,219.1265073,2.479104762
lmer_pop,DT_A,Gibert,F,UM,UM18,215.0355073,2.615703619
lmer_pop,DT_A,Gibert,F,UM,UM2,226.9985073,2.440200283
lmer_pop,DT_A,Gibert,F,UM,UM20,220.8855073,2.611857657
lmer_pop,DT_A,Gibert,F,UM,UM21,226.3455073,2.556161462
lmer_pop,DT_A,Gibert,F,UM,UM22,236.4755073,2.657484792
lmer_pop,DT_A,Gibert,F,UM,UM23,227.4055073,2.811828662
lmer_pop,DT_A,Gibert,F,UM,UM25,223.4095073,2.4695136
lmer_pop,DT_A,Gibert,F,UM,UM26,225.5875073,2.511047873
lmer_pop,DT_A,Gibert,F,UM,UM28,231.9585073,2.512541626
lmer_pop,DT_A,Gibert,F,UM,UM29,220.3705073,2.574377094
lmer_pop,DT_A,Gibert,F,UM,UM4,227.4485073,2.550110865
lmer_pop,DT_A,Gibert,F,UM,UM5,224.5945073,2.564498474
lmer_pop,DT_A,Gibert,F,UM,UM6,220.9875073,2.510301261
lmer_pop,DT_A,Gibert,F,UM,UM7,230.4295073,2.173618509
lmer_pop,DT_A,Gibert,F,UM,UM8,232.2115073,2.522268111
lmer_pop,DT_A,Gibert,F,UM,UM9,225.7135073,2.451889358
lmer_pop,DT_A,Gibert,F,VA,VA1,219.6304467,2.56565796
lmer_pop,DT_A,Gibert,F,VA,VA11,226.4074467,2.763170782
lmer_pop,DT_A,Gibert,F,VA,VA15,222.5444467,2.56565796
lmer_pop,DT_A,Gibert,F,VA,VA18,222.2484467,2.415408406
lmer_pop,DT_A,Gibert,F,VA,VA22,220.2054467,2.505393536
lmer_pop,DT_A,Gibert,F,VA,VA26,234.4224467,2.529228691
lmer_pop,DT_A,Gibert,F,VA,VA30,223.9114467,2.561766143
lmer_pop,DT_A,Gibert,F,VA,VA34,223.3924467,2.519983684
lmer_pop,DT_A,Gibert,F,VA,VA35,219.0104467,2.588305579
lmer_pop,DT_A,Gibert,F,VA,VA44,217.2544467,2.19877256
lmer_pop,DT_A,Gibert,F,VA,VA46,227.3044467,2.597713951
lmer_pop,DT_A,Gibert,F,VA,VA47,230.4604467,2.540043655
lmer_pop,DT_A,Gibert,F,VA,VA48,218.5264467,2.493916953
lmer_pop,DT_A,Gibert,F,VA,VA55,232.3824467,2.513833282
lmer_pop,DT_A,Gibert,F,VA,VA57,223.6304467,2.572672884
lmer_pop,DT_A,Gibert,F,VA,VA6,225.2724467,2.923880601
lmer_pop,DT_A,Gibert,F,VA,VA66,225.5534467,2.531543555
lmer_pop,DT_A,Gibert,F,VA,VA67,218.7024467,2.851650885
lmer_pop,DT_A,Gibert,F,VA,VA71,221.0884467,2.486286743
lmer_pop,DT_A,Gibert,F,VA,VA9,225.8394467,2.553994082
lmer_pop,DT_A,Gibert,F,YE,YE11,223.6878659,3.734604986
lmer_pop,DT_A,Gibert,F,YE,YE13,223.3278659,2.612936739
lmer_pop,DT_A,Gibert,F,YE,YE14,224.7028659,2.715742698
lmer_pop,DT_A,Gibert,F,YE,YE15,209.5678659,2.591113737
lmer_pop,DT_A,Gibert,F,YE,YE19,208.9178659,2.583348679
lmer_pop,DT_A,Gibert,F,YE,YE20,207.8348659,2.929510266
lmer_pop,DT_A,Gibert,F,YE,YE21,217.8738659,3.366985358
lmer_pop,DT_A,Gibert,F,YE,YE22,222.0708659,2.632520351
lmer_pop,DT_A,Gibert,F,YE,YE23,215.1728659,2.540920188
lmer_pop,DT_A,Gibert,F,YE,YE24,218.4388659,2.842870978
lmer_pop,DT_A,Gibert,F,YE,YE26,221.1508659,3.007225199
lmer_pop,DT_A,Gibert,F,YE,YE27,210.4628659,2.685447896
lmer_pop,DT_A,Gibert,F,YE,YE33,217.9538659,2.755089
lmer_pop,DT_A,Gibert,F,YE,YE40,212.9338659,2.479334265
lmer_pop,DT_A,Gibert,F,YE,YE41,217.3528659,2.766387428
lmer_pop,DT_A,Gibert,F,YE,YE48,215.8898659,2.631735245
lmer_pop,DT_A,Gibert,F,YE,YE49,224.7858659,2.250861702
lmer_pop,DT_A,Gibert,F,YE,YE51,214.5578659,2.765579578
lmer_pop,DT_A,Gibert,F,YE,YE69,225.2678659,2.550905408
lmer_pop,DT_A,Gibert,F,YE,YE80,224.0868659,2.643527076
lmer_pop,DT_A,Gibert,M,AK,AK1,216.1314939,2.401037767
lmer_pop,DT_A,Gibert,M,AK,AK10,227.5974939,2.37523017
lmer_pop,DT_A,Gibert,M,AK,AK11,228.8664939,2.363986963
lmer_pop,DT_A,Gibert,M,AK,AK12,223.5264939,1.970150847
lmer_pop,DT_A,Gibert,M,AK,AK13,229.7984939,2.320901196
lmer_pop,DT_A,Gibert,M,AK,AK14,233.8254939,2.235376335
lmer_pop,DT_A,Gibert,M,AK,AK15,223.4504939,2.305060164
lmer_pop,DT_A,Gibert,M,AK,AK16,225.4334939,2.299531117
lmer_pop,DT_A,Gibert,M,AK,AK17,224.2234939,2.400229022
lmer_pop,DT_A,Gibert,M,AK,AK18,231.9314939,2.573853601
lmer_pop,DT_A,Gibert,M,AK,AK2,222.3224939,2.359177475
lmer_pop,DT_A,Gibert,M,AK,AK20,229.2934939,2.295586714
lmer_pop,DT_A,Gibert,M,AK,AK21,230.1434939,2.320901196
lmer_pop,DT_A,Gibert,M,AK,AK3,223.7764939,2.497442364
lmer_pop,DT_A,Gibert,M,AK,AK4,224.0344939,2.357575526
lmer_pop,DT_A,Gibert,M,AK,AK5,227.9664939,2.440839888
lmer_pop,DT_A,Gibert,M,AK,AK6,229.0184939,2.378447889
lmer_pop,DT_A,Gibert,M,AK,AK7,223.3804939,2.465372053
lmer_pop,DT_A,Gibert,M,AK,AK8,231.2464939,2.261056028
lmer_pop,DT_A,Gibert,M,AK,AK9,224.3424939,2.339994521
lmer_pop,DT_A,Gibert,M,GI,GI1,235.7280471,2.492559843
lmer_pop,DT_A,Gibert,M,GI,GI10,232.4670471,2.15130927
lmer_pop,DT_A,Gibert,M,GI,GI11,229.5620471,2.637390865
lmer_pop,DT_A,Gibert,M,GI,GI12,242.5840471,2.743819705
lmer_pop,DT_A,Gibert,M,GI,GI13,230.2630471,2.57739783
lmer_pop,DT_A,Gibert,M,GI,GI14,238.3510471,2.760716496
lmer_pop,DT_A,Gibert,M,GI,GI15,233.4170471,2.636606071
lmer_pop,DT_A,Gibert,M,GI,GI2,224.8480471,2.455772704
lmer_pop,DT_A,Gibert,M,GI,GI3,226.8530471,2.492559843
lmer_pop,DT_A,Gibert,M,GI,GI4,226.5470471,2.58126608
lmer_pop,DT_A,Gibert,M,GI,GI5,221.6470471,2.818252397
lmer_pop,DT_A,Gibert,M,GI,GI6,239.6290471,2.719780611
lmer_pop,DT_A,Gibert,M,GI,GI7,237.1280471,2.473737976
lmer_pop,DT_A,Gibert,M,GI,GI8,225.1540471,2.594447065
lmer_pop,DT_A,Gibert,M,GI,GI9,233.9620471,2.479749095
lmer_pop,DT_A,Gibert,M,KA,KA1,229.7162285,2.728011814
lmer_pop,DT_A,Gibert,M,KA,KA10,223.7942285,2.705944652
lmer_pop,DT_A,Gibert,M,KA,KA11,227.1462285,1.99007951
lmer_pop,DT_A,Gibert,M,KA,KA13,224.0842285,2.378887021
lmer_pop,DT_A,Gibert,M,KA,KA14,231.2102285,2.582557542
lmer_pop,DT_A,Gibert,M,KA,KA15,229.0672285,2.388462153
lmer_pop,DT_A,Gibert,M,KA,KA16,220.1712285,2.296856865
lmer_pop,DT_A,Gibert,M,KA,KA17,218.2212285,2.38048135
lmer_pop,DT_A,Gibert,M,KA,KA18,223.8472285,2.350295185
lmer_pop,DT_A,Gibert,M,KA,KA2,228.3542285,2.346340226
lmer_pop,DT_A,Gibert,M,KA,KA23,225.8322285,2.39725853
lmer_pop,DT_A,Gibert,M,KA,KA24,222.3582285,2.57674377
lmer_pop,DT_A,Gibert,M,KA,KA25,230.8492285,2.408480114
lmer_pop,DT_A,Gibert,M,KA,KA28,227.9122285,2.299198221
lmer_pop,DT_A,Gibert,M,KA,KA29,229.5692285,2.299198221
lmer_pop,DT_A,Gibert,M,KA,KA3,221.3542285,2.580895863
lmer_pop,DT_A,Gibert,M,KA,KA5,230.9652285,2.648568001
lmer_pop,DT_A,Gibert,M,KA,KA6,237.1552285,2.277405642
lmer_pop,DT_A,Gibert,M,KA,KA7,232.5582285,2.367743959
lmer_pop,DT_A,Gibert,M,KA,KA9,230.2982285,2.345549713
lmer_pop,DT_A,Gibert,M,MA,MA12,215.6901715,2.354328282
lmer_pop,DT_A,Gibert,M,MA,MA13,219.9881715,2.401188177
lmer_pop,DT_A,Gibert,M,MA,MA16,230.3031715,2.427628815
lmer_pop,DT_A,Gibert,M,MA,MA18,224.5451715,2.430844639
lmer_pop,DT_A,Gibert,M,MA,MA19,224.3521715,2.3322825
lmer_pop,DT_A,Gibert,M,MA,MA20,231.9231715,3.140051697
lmer_pop,DT_A,Gibert,M,MA,MA21,227.2801715,2.45665416
lmer_pop,DT_A,Gibert,M,MA,MA23,234.0521715,2.588606703
lmer_pop,DT_A,Gibert,M,MA,MA26,231.8891715,2.500532276
lmer_pop,DT_A,Gibert,M,MA,MA27,225.2521715,2.502164995
lmer_pop,DT_A,Gibert,M,MA,MA28,223.6601715,2.487489831
lmer_pop,DT_A,Gibert,M,MA,MA3,223.2521715,2.351960174
lmer_pop,DT_A,Gibert,M,MA,MA30,227.5851715,2.037633348
lmer_pop,DT_A,Gibert,M,MA,MA31,235.6811715,2.611887567
lmer_pop,DT_A,Gibert,M,MA,MA32,225.2491715,2.570380645
lmer_pop,DT_A,Gibert,M,MA,MA33,220.2591715,2.45665416
lmer_pop,DT_A,Gibert,M,MA,MA5,215.2971715,2.710980756
lmer_pop,DT_A,Gibert,M,MA,MA6,222.6981715,2.414788948
lmer_pop,DT_A,Gibert,M,MA,MA7,222.4801715,2.484234623
lmer_pop,DT_A,Gibert,M,MA,MA9,224.5631715,2.434062789
lmer_pop,DT_A,Gibert,M,MU,MU1,226.3211494,2.32909896
lmer_pop,DT_A,Gibert,M,MU,MU10,217.8031494,2.345679638
lmer_pop,DT_A,Gibert,M,MU,MU11,223.4321494,2.576252504
lmer_pop,DT_A,Gibert,M,MU,MU12,227.0241494,2.469327229
lmer_pop,DT_A,Gibert,M,MU,MU13,233.8291494,2.374266405
lmer_pop,DT_A,Gibert,M,MU,MU14,222.8121494,2.478289322
lmer_pop,DT_A,Gibert,M,MU,MU15,235.8171494,2.433646023
lmer_pop,DT_A,Gibert,M,MU,MU16,230.2251494,2.470955476
lmer_pop,DT_A,Gibert,M,MU,MU17,244.4991494,2.329886899
lmer_pop,DT_A,Gibert,M,MU,MU18,226.6251494,2.344097473
lmer_pop,DT_A,Gibert,M,MU,MU19,227.4071494,1.975944828
lmer_pop,DT_A,Gibert,M,MU,MU2,218.7081494,2.388634958
lmer_pop,DT_A,Gibert,M,MU,MU20,229.7331494,2.493807724
lmer_pop,DT_A,Gibert,M,MU,MU3,218.5301494,2.492171937
lmer_pop,DT_A,Gibert,M,MU,MU4,233.4751494,2.374266405
lmer_pop,DT_A,Gibert,M,MU,MU5,231.4711494,2.368692037
lmer_pop,DT_A,Gibert,M,MU,MU6,222.4791494,2.448210155
lmer_pop,DT_A,Gibert,M,MU,MU7,224.8591494,2.355185972
lmer_pop,DT_A,Gibert,M,MU,MU8,235.3171494,2.46038167
lmer_pop,DT_A,Gibert,M,MU,MU9,225.6561494,2.436070189
lmer_pop,DT_A,Gibert,M,RE,RE1,225.2126253,2.54937175
lmer_pop,DT_A,Gibert,M,RE,RE10,226.1066253,2.412403847
lmer_pop,DT_A,Gibert,M,RE,RE11,227.7906253,2.44119977
lmer_pop,DT_A,Gibert,M,RE,RE12,225.6656253,2.619706342
lmer_pop,DT_A,Gibert,M,RE,RE13,225.3666253,2.457220649
lmer_pop,DT_A,Gibert,M,RE,RE15,233.8176253,2.349678344
lmer_pop,DT_A,Gibert,M,RE,RE16,226.6096253,2.612542118
lmer_pop,DT_A,Gibert,M,RE,RE17,223.3776253,2.309340451
lmer_pop,DT_A,Gibert,M,RE,RE18,227.9886253,2.381624093
lmer_pop,DT_A,Gibert,M,RE,RE2,232.5026253,2.535289396
lmer_pop,DT_A,Gibert,M,RE,RE3,236.7106253,2.949985308
lmer_pop,DT_A,Gibert,M,RE,RE4,228.0806253,2.536070448
lmer_pop,DT_A,Gibert,M,RE,RE5,222.2756253,2.529826342
lmer_pop,DT_A,Gibert,M,RE,RE6,232.4996253,2.59507771
lmer_pop,DT_A,Gibert,M,RE,RE7,228.6696253,2.106326973
lmer_pop,DT_A,Gibert,M,RE,RE8,234.6636253,2.748872736
lmer_pop,DT_A,Gibert,M,UM,UM13,224.8929196,2.485623086
lmer_pop,DT_A,Gibert,M,UM,UM17,224.5619196,2.53370127
lmer_pop,DT_A,Gibert,M,UM,UM18,221.8539196,2.363172894
lmer_pop,DT_A,Gibert,M,UM,UM2,230.0219196,2.361628702
lmer_pop,DT_A,Gibert,M,UM,UM20,222.5889196,2.444381747
lmer_pop,DT_A,Gibert,M,UM,UM21,232.2949196,2.379427899
lmer_pop,DT_A,Gibert,M,UM,UM22,240.8129196,2.547415382
lmer_pop,DT_A,Gibert,M,UM,UM23,226.1679196,2.498393509
lmer_pop,DT_A,Gibert,M,UM,UM25,225.6799196,2.334717355
lmer_pop,DT_A,Gibert,M,UM,UM26,229.3619196,2.535312629
lmer_pop,DT_A,Gibert,M,UM,UM28,238.9639196,2.403557806
lmer_pop,DT_A,Gibert,M,UM,UM29,227.4389196,2.688282189
lmer_pop,DT_A,Gibert,M,UM,UM4,230.3139196,2.566843417
lmer_pop,DT_A,Gibert,M,UM,UM5,230.2269196,2.353918037
lmer_pop,DT_A,Gibert,M,UM,UM6,227.6099196,2.449909616
lmer_pop,DT_A,Gibert,M,UM,UM7,233.4769196,2.037853068
lmer_pop,DT_A,Gibert,M,UM,UM8,237.9979196,2.427057916
lmer_pop,DT_A,Gibert,M,UM,UM9,231.6449196,2.544992363
lmer_pop,DT_A,Gibert,M,VA,VA1,234.2322192,2.618249578
lmer_pop,DT_A,Gibert,M,VA,VA11,234.3182192,2.842381897
lmer_pop,DT_A,Gibert,M,VA,VA15,226.6302192,2.544414245
lmer_pop,DT_A,Gibert,M,VA,VA18,227.4252192,2.341869093
lmer_pop,DT_A,Gibert,M,VA,VA22,226.0982192,2.42388858
lmer_pop,DT_A,Gibert,M,VA,VA26,232.5442192,2.56671207
lmer_pop,DT_A,Gibert,M,VA,VA30,226.9522192,2.380684744
lmer_pop,DT_A,Gibert,M,VA,VA34,228.5062192,2.327706779
lmer_pop,DT_A,Gibert,M,VA,VA35,221.2862192,2.38148081
lmer_pop,DT_A,Gibert,M,VA,VA44,220.4822192,1.993870319
lmer_pop,DT_A,Gibert,M,VA,VA46,229.4612192,2.371143996
lmer_pop,DT_A,Gibert,M,VA,VA47,233.2032192,2.367968718
lmer_pop,DT_A,Gibert,M,VA,VA48,223.7382192,2.380684744
lmer_pop,DT_A,Gibert,M,VA,VA55,232.9362192,2.287873216
lmer_pop,DT_A,Gibert,M,VA,VA57,227.9832192,2.506638357
lmer_pop,DT_A,Gibert,M,VA,VA6,227.2492192,2.94208427
lmer_pop,DT_A,Gibert,M,VA,VA66,230.0642192,2.313597815
lmer_pop,DT_A,Gibert,M,VA,VA67,229.0472192,2.650897933
lmer_pop,DT_A,Gibert,M,VA,VA71,225.3052192,2.527956457
lmer_pop,DT_A,Gibert,M,VA,VA9,230.2022192,2.36162568
lmer_pop,DT_A,Gibert,M,YE,YE11,239.0023577,3.305630515
lmer_pop,DT_A,Gibert,M,YE,YE13,227.0643577,2.65149356
lmer_pop,DT_A,Gibert,M,YE,YE14,223.6243577,2.380920221
lmer_pop,DT_A,Gibert,M,YE,YE15,216.9563577,2.618231865
lmer_pop,DT_A,Gibert,M,YE,YE19,220.4863577,2.557206699
lmer_pop,DT_A,Gibert,M,YE,YE20,215.1913577,2.821283591
lmer_pop,DT_A,Gibert,M,YE,YE21,223.7883577,2.894288531
lmer_pop,DT_A,Gibert,M,YE,YE22,225.5453577,2.525323959
lmer_pop,DT_A,Gibert,M,YE,YE23,221.2073577,2.690810491
lmer_pop,DT_A,Gibert,M,YE,YE24,222.4703577,2.775258745
lmer_pop,DT_A,Gibert,M,YE,YE26,223.7763577,2.994940083
lmer_pop,DT_A,Gibert,M,YE,YE27,218.3643577,2.539197137
lmer_pop,DT_A,Gibert,M,YE,YE33,222.5953577,2.35732923
lmer_pop,DT_A,Gibert,M,YE,YE40,217.6383577,2.437313706
lmer_pop,DT_A,Gibert,M,YE,YE41,227.9413577,2.933199806
lmer_pop,DT_A,Gibert,M,YE,YE48,225.1123577,2.684100799
lmer_pop,DT_A,Gibert,M,YE,YE49,227.4983577,1.990401492
lmer_pop,DT_A,Gibert,M,YE,YE51,216.5013577,2.994067651
lmer_pop,DT_A,Gibert,M,YE,YE69,226.6783577,2.44932503
lmer_pop,DT_A,Gibert,M,YE,YE80,228.9633577,2.362035796
lmer_pop,DW,Onder,F,AK,AK1,0.446376805,0.015085316
lmer_pop,DW,Onder,F,AK,AK10,0.454376805,0.015085316
lmer_pop,DW,Onder,F,AK,AK11,0.411376805,0.015085316
lmer_pop,DW,Onder,F,AK,AK12,0.396376805,0.015085316
lmer_pop,DW,Onder,F,AK,AK13,0.416376805,0.015085316
lmer_pop,DW,Onder,F,AK,AK14,0.433376805,0.015085316
lmer_pop,DW,Onder,F,AK,AK15,0.380376805,0.015085316
lmer_pop,DW,Onder,F,AK,AK16,0.488376805,0.015085316
lmer_pop,DW,Onder,F,AK,AK17,0.397376805,0.015085316
lmer_pop,DW,Onder,F,AK,AK18,0.426376805,0.015085316
lmer_pop,DW,Onder,F,AK,AK2,0.465376805,0.015085316
lmer_pop,DW,Onder,F,AK,AK20,0.418376805,0.015085316
lmer_pop,DW,Onder,F,AK,AK21,0.440376805,0.015085316
lmer_pop,DW,Onder,F,AK,AK3,0.388376805,0.015085316
lmer_pop,DW,Onder,F,AK,AK4,0.429376805,0.015085316
lmer_pop,DW,Onder,F,AK,AK5,0.457376805,0.015085316
lmer_pop,DW,Onder,F,AK,AK6,0.437376805,0.015085316
lmer_pop,DW,Onder,F,AK,AK7,0.435376805,0.015085316
lmer_pop,DW,Onder,F,AK,AK8,0.428376805,0.015085316
lmer_pop,DW,Onder,F,AK,AK9,0.355376805,0.015085316
lmer_pop,DW,Onder,F,GI,GI1,0.448757874,0.01576616
lmer_pop,DW,Onder,F,GI,GI10,0.461757874,0.01576616
lmer_pop,DW,Onder,F,GI,GI11,0.406757874,0.01576616
lmer_pop,DW,Onder,F,GI,GI12,0.404757874,0.01576616
lmer_pop,DW,Onder,F,GI,GI13,0.407757874,0.01576616
lmer_pop,DW,Onder,F,GI,GI14,0.487757874,0.01576616
lmer_pop,DW,Onder,F,GI,GI15,0.428757874,0.01576616
lmer_pop,DW,Onder,F,GI,GI2,0.426757874,0.01576616
lmer_pop,DW,Onder,F,GI,GI3,0.419757874,0.01576616
lmer_pop,DW,Onder,F,GI,GI4,0.429757874,0.01576616
lmer_pop,DW,Onder,F,GI,GI5,0.492757874,0.01576616
lmer_pop,DW,Onder,F,GI,GI6,0.449757874,0.01576616
lmer_pop,DW,Onder,F,GI,GI7,0.419757874,0.01576616
lmer_pop,DW,Onder,F,GI,GI8,0.453757874,0.01576616
lmer_pop,DW,Onder,F,GI,GI9,0.444757874,0.01576616
lmer_pop,DW,Onder,F,KA,KA1,0.466323,0.015088348
lmer_pop,DW,Onder,F,KA,KA10,0.429323,0.015088348
lmer_pop,DW,Onder,F,KA,KA11,0.489323,0.015088348
lmer_pop,DW,Onder,F,KA,KA13,0.417323,0.015088348
lmer_pop,DW,Onder,F,KA,KA14,0.439323,0.015088348
lmer_pop,DW,Onder,F,KA,KA15,0.447323,0.015088348
lmer_pop,DW,Onder,F,KA,KA16,0.448323,0.015088348
lmer_pop,DW,Onder,F,KA,KA17,0.449323,0.015088348
lmer_pop,DW,Onder,F,KA,KA18,0.491323,0.015088348
lmer_pop,DW,Onder,F,KA,KA2,0.494323,0.015088348
lmer_pop,DW,Onder,F,KA,KA23,0.443323,0.015088348
lmer_pop,DW,Onder,F,KA,KA24,0.457323,0.015088348
lmer_pop,DW,Onder,F,KA,KA25,0.490323,0.015088348
lmer_pop,DW,Onder,F,KA,KA28,0.483323,0.015088348
lmer_pop,DW,Onder,F,KA,KA29,0.492323,0.015088348
lmer_pop,DW,Onder,F,KA,KA3,0.453323,0.015088348
lmer_pop,DW,Onder,F,KA,KA5,0.432323,0.015088348
lmer_pop,DW,Onder,F,KA,KA6,0.455323,0.015088348
lmer_pop,DW,Onder,F,KA,KA7,0.475323,0.015088348
lmer_pop,DW,Onder,F,KA,KA9,0.450323,0.015088348
lmer_pop,DW,Onder,F,MA,MA12,0.498668472,0.015085316
lmer_pop,DW,Onder,F,MA,MA13,0.465668472,0.015085316
lmer_pop,DW,Onder,F,MA,MA16,0.424668472,0.015085316
lmer_pop,DW,Onder,F,MA,MA18,0.496668472,0.015085316
lmer_pop,DW,Onder,F,MA,MA19,0.452668472,0.015085316
lmer_pop,DW,Onder,F,MA,MA20,0.434668472,0.015085316
lmer_pop,DW,Onder,F,MA,MA21,0.513668472,0.015085316
lmer_pop,DW,Onder,F,MA,MA23,0.413668472,0.015085316
lmer_pop,DW,Onder,F,MA,MA26,0.480668472,0.015085316
lmer_pop,DW,Onder,F,MA,MA27,0.484668472,0.015085316
lmer_pop,DW,Onder,F,MA,MA28,0.526668472,0.015085316
lmer_pop,DW,Onder,F,MA,MA3,0.426668472,0.015085316
lmer_pop,DW,Onder,F,MA,MA30,0.495668472,0.015085316
lmer_pop,DW,Onder,F,MA,MA31,0.450668472,0.015085316
lmer_pop,DW,Onder,F,MA,MA32,0.547668472,0.015085316
lmer_pop,DW,Onder,F,MA,MA33,0.458668472,0.015085316
lmer_pop,DW,Onder,F,MA,MA5,0.471668472,0.015085316
lmer_pop,DW,Onder,F,MA,MA6,0.431668472,0.015085316
lmer_pop,DW,Onder,F,MA,MA7,0.458668472,0.015085316
lmer_pop,DW,Onder,F,MA,MA9,0.459668472,0.015085316
lmer_pop,DW,Onder,F,MU,MU1,0.404493523,0.015053827
lmer_pop,DW,Onder,F,MU,MU10,0.409493523,0.015053827
lmer_pop,DW,Onder,F,MU,MU11,0.400493523,0.015053827
lmer_pop,DW,Onder,F,MU,MU12,0.443493523,0.015053827
lmer_pop,DW,Onder,F,MU,MU13,0.401493523,0.015053827
lmer_pop,DW,Onder,F,MU,MU14,0.458493523,0.015053827
lmer_pop,DW,Onder,F,MU,MU15,0.466493523,0.015053827
lmer_pop,DW,Onder,F,MU,MU16,0.402493523,0.015053827
lmer_pop,DW,Onder,F,MU,MU17,0.464493523,0.015053827
lmer_pop,DW,Onder,F,MU,MU18,0.468493523,0.015053827
lmer_pop,DW,Onder,F,MU,MU19,0.488493523,0.015053827
lmer_pop,DW,Onder,F,MU,MU2,0.444493523,0.015053827
lmer_pop,DW,Onder,F,MU,MU20,0.480493523,0.015053827
lmer_pop,DW,Onder,F,MU,MU3,0.452493523,0.011428811
lmer_pop,DW,Onder,F,MU,MU4,0.453493523,0.015053827
lmer_pop,DW,Onder,F,MU,MU5,0.489493523,0.015053827
lmer_pop,DW,Onder,F,MU,MU6,0.406493523,0.015053827
lmer_pop,DW,Onder,F,MU,MU7,0.405493523,0.015053827
lmer_pop,DW,Onder,F,MU,MU8,0.459493523,0.015053827
lmer_pop,DW,Onder,F,MU,MU9,0.409493523,0.015053827
lmer_pop,DW,Onder,F,RE,RE1,0.490778745,0.015599733
lmer_pop,DW,Onder,F,RE,RE10,0.456778745,0.015599733
lmer_pop,DW,Onder,F,RE,RE11,0.436778745,0.015599733
lmer_pop,DW,Onder,F,RE,RE12,0.447778745,0.015599733
lmer_pop,DW,Onder,F,RE,RE13,0.517778745,0.015599733
lmer_pop,DW,Onder,F,RE,RE15,0.454778745,0.015599733
lmer_pop,DW,Onder,F,RE,RE16,0.482778745,0.015599733
lmer_pop,DW,Onder,F,RE,RE17,0.431778745,0.015599733
lmer_pop,DW,Onder,F,RE,RE18,0.467778745,0.015599733
lmer_pop,DW,Onder,F,RE,RE2,0.500778745,0.015599733
lmer_pop,DW,Onder,F,RE,RE3,0.486778745,0.015599733
lmer_pop,DW,Onder,F,RE,RE4,0.476778745,0.015599733
lmer_pop,DW,Onder,F,RE,RE5,0.444778745,0.015599733
lmer_pop,DW,Onder,F,RE,RE6,0.463778745,0.015599733
lmer_pop,DW,Onder,F,RE,RE7,0.500778745,0.015599733
lmer_pop,DW,Onder,F,RE,RE8,0.454778745,0.015599733
lmer_pop,DW,Onder,F,UM,UM13,0.411451613,0.0154305
lmer_pop,DW,Onder,F,UM,UM17,0.431451613,0.0154305
lmer_pop,DW,Onder,F,UM,UM18,0.482451613,0.0154305
lmer_pop,DW,Onder,F,UM,UM2,0.535451613,0.0154305
lmer_pop,DW,Onder,F,UM,UM20,0.500451613,0.0154305
lmer_pop,DW,Onder,F,UM,UM21,0.431451613,0.0154305
lmer_pop,DW,Onder,F,UM,UM22,0.465451613,0.0154305
lmer_pop,DW,Onder,F,UM,UM23,0.474451613,0.0154305
lmer_pop,DW,Onder,F,UM,UM25,0.507451613,0.0154305
lmer_pop,DW,Onder,F,UM,UM26,0.502451613,0.0154305
lmer_pop,DW,Onder,F,UM,UM28,0.400451613,0.0154305
lmer_pop,DW,Onder,F,UM,UM29,0.437451613,0.0154305
lmer_pop,DW,Onder,F,UM,UM4,0.486451613,0.0154305
lmer_pop,DW,Onder,F,UM,UM5,0.431451613,0.0154305
lmer_pop,DW,Onder,F,UM,UM6,0.472451613,0.0154305
lmer_pop,DW,Onder,F,UM,UM7,0.420451613,0.0154305
lmer_pop,DW,Onder,F,UM,UM9,0.487451613,0.0154305
lmer_pop,DW,Onder,F,VA,VA1,0.392314688,0.01503877
lmer_pop,DW,Onder,F,VA,VA11,0.557314688,0.01503877
lmer_pop,DW,Onder,F,VA,VA15,0.483314688,0.01503877
lmer_pop,DW,Onder,F,VA,VA18,0.454314688,0.01503877
lmer_pop,DW,Onder,F,VA,VA22,0.503314688,0.01503877
lmer_pop,DW,Onder,F,VA,VA26,0.437314688,0.01503877
lmer_pop,DW,Onder,F,VA,VA30,0.476314688,0.01503877
lmer_pop,DW,Onder,F,VA,VA34,0.494314688,0.01503877
lmer_pop,DW,Onder,F,VA,VA35,0.440314688,0.01503877
lmer_pop,DW,Onder,F,VA,VA44,0.502314688,0.01503877
lmer_pop,DW,Onder,F,VA,VA46,0.476314688,0.01503877
lmer_pop,DW,Onder,F,VA,VA47,0.517314688,0.01503877
lmer_pop,DW,Onder,F,VA,VA48,0.456314688,0.01503877
lmer_pop,DW,Onder,F,VA,VA55,0.453314688,0.01503877
lmer_pop,DW,Onder,F,VA,VA57,0.523314688,0.01503877
lmer_pop,DW,Onder,F,VA,VA6,0.493314688,0.01503877
lmer_pop,DW,Onder,F,VA,VA66,0.471314688,0.01503877
lmer_pop,DW,Onder,F,VA,VA67,0.451314688,0.01503877
lmer_pop,DW,Onder,F,VA,VA71,0.454314688,0.01503877
lmer_pop,DW,Onder,F,VA,VA9,0.429314688,0.013006329
lmer_pop,DW,Onder,F,YE,YE13,0.438171893,0.015292004
lmer_pop,DW,Onder,F,YE,YE15,0.408171893,0.015292004
lmer_pop,DW,Onder,F,YE,YE19,0.399171893,0.015292004
lmer_pop,DW,Onder,F,YE,YE20,0.403171893,0.015292004
lmer_pop,DW,Onder,F,YE,YE21,0.445171893,0.015292004
lmer_pop,DW,Onder,F,YE,YE22,0.394171893,0.015292004
lmer_pop,DW,Onder,F,YE,YE23,0.442171893,0.015292004
lmer_pop,DW,Onder,F,YE,YE24,0.421171893,0.015292004
lmer_pop,DW,Onder,F,YE,YE26,0.402171893,0.015292004
lmer_pop,DW,Onder,F,YE,YE27,0.459171893,0.015292004
lmer_pop,DW,Onder,F,YE,YE33,0.456171893,0.015292004
lmer_pop,DW,Onder,F,YE,YE40,0.420171893,0.015292004
lmer_pop,DW,Onder,F,YE,YE41,0.421171893,0.015292004
lmer_pop,DW,Onder,F,YE,YE48,0.392171893,0.015292004
lmer_pop,DW,Onder,F,YE,YE49,0.426171893,0.015292004
lmer_pop,DW,Onder,F,YE,YE51,0.452171893,0.015292004
lmer_pop,DW,Onder,F,YE,YE69,0.473171893,0.015292004
lmer_pop,DW,Onder,F,YE,YE80,0.470171893,0.015292004
lmer_pop,DW,Onder,M,AK,AK1,0.243120692,0.008849534
lmer_pop,DW,Onder,M,AK,AK10,0.255120692,0.008849534
lmer_pop,DW,Onder,M,AK,AK11,0.252120692,0.008849534
lmer_pop,DW,Onder,M,AK,AK12,0.244120692,0.008849534
lmer_pop,DW,Onder,M,AK,AK13,0.241120692,0.008849534
lmer_pop,DW,Onder,M,AK,AK14,0.241120692,0.008849534
lmer_pop,DW,Onder,M,AK,AK15,0.234120692,0.008849534
lmer_pop,DW,Onder,M,AK,AK16,0.284120692,0.009555849
lmer_pop,DW,Onder,M,AK,AK17,0.243120692,0.009555849
lmer_pop,DW,Onder,M,AK,AK18,0.278120692,0.009555849
lmer_pop,DW,Onder,M,AK,AK2,0.269120692,0.008849534
lmer_pop,DW,Onder,M,AK,AK20,0.252120692,0.009555849
lmer_pop,DW,Onder,M,AK,AK21,0.273120692,0.009555849
lmer_pop,DW,Onder,M,AK,AK3,0.229120692,0.008849534
lmer_pop,DW,Onder,M,AK,AK4,0.260120692,0.008849534
lmer_pop,DW,Onder,M,AK,AK5,0.266120692,0.008849534
lmer_pop,DW,Onder,M,AK,AK6,0.266120692,0.008849534
lmer_pop,DW,Onder,M,AK,AK7,0.294120692,0.008849534
lmer_pop,DW,Onder,M,AK,AK8,0.256120692,0.008849534
lmer_pop,DW,Onder,M,AK,AK9,0.222120692,0.008849534
lmer_pop,DW,Onder,M,GI,GI1,0.275169265,0.009298287
lmer_pop,DW,Onder,M,GI,GI10,0.256169265,0.009298287
lmer_pop,DW,Onder,M,GI,GI11,0.243169265,0.009298287
lmer_pop,DW,Onder,M,GI,GI12,0.217169265,0.00997287
lmer_pop,DW,Onder,M,GI,GI13,0.232169265,0.00997287
lmer_pop,DW,Onder,M,GI,GI14,0.287169265,0.009298287
lmer_pop,DW,Onder,M,GI,GI15,0.271169265,0.009298287
lmer_pop,DW,Onder,M,GI,GI2,0.233169265,0.009298287
lmer_pop,DW,Onder,M,GI,GI3,0.262169265,0.009298287
lmer_pop,DW,Onder,M,GI,GI4,0.242169265,0.009298287
lmer_pop,DW,Onder,M,GI,GI5,0.273169265,0.009298287
lmer_pop,DW,Onder,M,GI,GI6,0.239169265,0.009298287
lmer_pop,DW,Onder,M,GI,GI7,0.260169265,0.009298287
lmer_pop,DW,Onder,M,GI,GI8,0.237169265,0.009298287
lmer_pop,DW,Onder,M,GI,GI9,0.239169265,0.009298287
lmer_pop,DW,Onder,M,KA,KA1,0.290026792,0.008851671
lmer_pop,DW,Onder,M,KA,KA10,0.261026792,0.008851671
lmer_pop,DW,Onder,M,KA,KA11,0.260026792,0.008851671
lmer_pop,DW,Onder,M,KA,KA13,0.231026792,0.008851671
lmer_pop,DW,Onder,M,KA,KA14,0.255026792,0.008851671
lmer_pop,DW,Onder,M,KA,KA15,0.271026792,0.008851671
lmer_pop,DW,Onder,M,KA,KA16,0.253026792,0.008851671
lmer_pop,DW,Onder,M,KA,KA17,0.270026792,0.008851671
lmer_pop,DW,Onder,M,KA,KA18,0.288026792,0.008851671
lmer_pop,DW,Onder,M,KA,KA2,0.275026792,0.008851671
lmer_pop,DW,Onder,M,KA,KA23,0.231026792,0.009557828
lmer_pop,DW,Onder,M,KA,KA24,0.246026792,0.009557828
lmer_pop,DW,Onder,M,KA,KA25,0.260026792,0.009557828
lmer_pop,DW,Onder,M,KA,KA28,0.242026792,0.009557828
lmer_pop,DW,Onder,M,KA,KA29,0.282026792,0.009557828
lmer_pop,DW,Onder,M,KA,KA3,0.280026792,0.008851671
lmer_pop,DW,Onder,M,KA,KA5,0.253026792,0.008851671
lmer_pop,DW,Onder,M,KA,KA6,0.282026792,0.008851671
lmer_pop,DW,Onder,M,KA,KA7,0.277026792,0.008851671
lmer_pop,DW,Onder,M,KA,KA9,0.253026792,0.008851671
lmer_pop,DW,Onder,M,MA,MA12,0.273704378,0.008849307
lmer_pop,DW,Onder,M,MA,MA13,0.245704378,0.008849307
lmer_pop,DW,Onder,M,MA,MA16,0.232704378,0.008849307
lmer_pop,DW,Onder,M,MA,MA18,0.275704378,0.008849307
lmer_pop,DW,Onder,M,MA,MA19,0.256704378,0.008849307
lmer_pop,DW,Onder,M,MA,MA20,0.257704378,0.008849307
lmer_pop,DW,Onder,M,MA,MA21,0.269704378,0.008849307
lmer_pop,DW,Onder,M,MA,MA23,0.262704378,0.008849307
lmer_pop,DW,Onder,M,MA,MA26,0.317704378,0.008849307
lmer_pop,DW,Onder,M,MA,MA27,0.288704378,0.008849307
lmer_pop,DW,Onder,M,MA,MA28,0.290704378,0.009555639
lmer_pop,DW,Onder,M,MA,MA3,0.260704378,0.008849307
lmer_pop,DW,Onder,M,MA,MA30,0.279704378,0.009555639
lmer_pop,DW,Onder,M,MA,MA31,0.273704378,0.009555639
lmer_pop,DW,Onder,M,MA,MA32,0.305704378,0.009555639
lmer_pop,DW,Onder,M,MA,MA33,0.268704378,0.009555639
lmer_pop,DW,Onder,M,MA,MA5,0.271704378,0.008849307
lmer_pop,DW,Onder,M,MA,MA6,0.271704378,0.008849307
lmer_pop,DW,Onder,M,MA,MA7,0.264704378,0.008849307
lmer_pop,DW,Onder,M,MA,MA9,0.266704378,0.008849307
lmer_pop,DW,Onder,M,MU,MU1,0.257927644,0.00882982
lmer_pop,DW,Onder,M,MU,MU10,0.227927644,0.00882982
lmer_pop,DW,Onder,M,MU,MU11,0.244927644,0.00882982
lmer_pop,DW,Onder,M,MU,MU12,0.270927644,0.00882982
lmer_pop,DW,Onder,M,MU,MU13,0.244927644,0.00882982
lmer_pop,DW,Onder,M,MU,MU14,0.274927644,0.00882982
lmer_pop,DW,Onder,M,MU,MU15,0.251927644,0.00882982
lmer_pop,DW,Onder,M,MU,MU16,0.264927644,0.009537596
lmer_pop,DW,Onder,M,MU,MU17,0.264927644,0.009537596
lmer_pop,DW,Onder,M,MU,MU18,0.258927644,0.009537596
lmer_pop,DW,Onder,M,MU,MU19,0.265927644,0.009537596
lmer_pop,DW,Onder,M,MU,MU2,0.281927644,0.00882982
lmer_pop,DW,Onder,M,MU,MU20,0.273927644,0.009537596
lmer_pop,DW,Onder,M,MU,MU3,0.270927644,0.007139029
lmer_pop,DW,Onder,M,MU,MU4,0.281927644,0.00882982
lmer_pop,DW,Onder,M,MU,MU5,0.279927644,0.00882982
lmer_pop,DW,Onder,M,MU,MU6,0.263927644,0.00882982
lmer_pop,DW,Onder,M,MU,MU7,0.236927644,0.00882982
lmer_pop,DW,Onder,M,MU,MU8,0.282927644,0.00882982
lmer_pop,DW,Onder,M,MU,MU9,0.235927644,0.00882982
lmer_pop,DW,Onder,M,RE,RE1,0.273866226,0.009189556
lmer_pop,DW,Onder,M,RE,RE10,0.290866226,0.009189556
lmer_pop,DW,Onder,M,RE,RE11,0.246866226,0.009189556
lmer_pop,DW,Onder,M,RE,RE12,0.235866226,0.009189556
lmer_pop,DW,Onder,M,RE,RE13,0.288866226,0.009189556
lmer_pop,DW,Onder,M,RE,RE15,0.249866226,0.009189556
lmer_pop,DW,Onder,M,RE,RE16,0.265866226,0.009189556
lmer_pop,DW,Onder,M,RE,RE17,0.246866226,0.009189556
lmer_pop,DW,Onder,M,RE,RE18,0.242866226,0.009871573
lmer_pop,DW,Onder,M,RE,RE2,0.295866226,0.009189556
lmer_pop,DW,Onder,M,RE,RE3,0.259866226,0.009871573
lmer_pop,DW,Onder,M,RE,RE4,0.256866226,0.009189556
lmer_pop,DW,Onder,M,RE,RE5,0.245866226,0.009189556
lmer_pop,DW,Onder,M,RE,RE6,0.254866226,0.009189556
lmer_pop,DW,Onder,M,RE,RE7,0.311866226,0.009189556
lmer_pop,DW,Onder,M,RE,RE8,0.268866226,0.009189556
lmer_pop,DW,Onder,M,UM,UM13,0.239882167,0.009078438
lmer_pop,DW,Onder,M,UM,UM17,0.225882167,0.009078438
lmer_pop,DW,Onder,M,UM,UM18,0.264882167,0.009078438
lmer_pop,DW,Onder,M,UM,UM2,0.275882167,0.009078438
lmer_pop,DW,Onder,M,UM,UM20,0.264882167,0.009078438
lmer_pop,DW,Onder,M,UM,UM21,0.263882167,0.009078438
lmer_pop,DW,Onder,M,UM,UM22,0.266882167,0.009078438
lmer_pop,DW,Onder,M,UM,UM23,0.262882167,0.009078438
lmer_pop,DW,Onder,M,UM,UM25,0.301882167,0.009768216
lmer_pop,DW,Onder,M,UM,UM26,0.276882167,0.009078438
lmer_pop,DW,Onder,M,UM,UM28,0.267882167,0.009768216
lmer_pop,DW,Onder,M,UM,UM29,0.247882167,0.009768216
lmer_pop,DW,Onder,M,UM,UM4,0.293882167,0.009768216
lmer_pop,DW,Onder,M,UM,UM5,0.269882167,0.009078438
lmer_pop,DW,Onder,M,UM,UM6,0.273882167,0.009768216
lmer_pop,DW,Onder,M,UM,UM7,0.267882167,0.009768216
lmer_pop,DW,Onder,M,UM,UM9,0.291882167,0.009768216
lmer_pop,DW,Onder,M,VA,VA1,0.233348048,0.008820029
lmer_pop,DW,Onder,M,VA,VA11,0.289348048,0.008820029
lmer_pop,DW,Onder,M,VA,VA15,0.303348048,0.008820029
lmer_pop,DW,Onder,M,VA,VA18,0.234348048,0.008820029
lmer_pop,DW,Onder,M,VA,VA22,0.247348048,0.008820029
lmer_pop,DW,Onder,M,VA,VA26,0.264348048,0.008820029
lmer_pop,DW,Onder,M,VA,VA30,0.287348048,0.008820029
lmer_pop,DW,Onder,M,VA,VA34,0.268348048,0.008820029
lmer_pop,DW,Onder,M,VA,VA35,0.241348048,0.008820029
lmer_pop,DW,Onder,M,VA,VA44,0.264348048,0.008820029
lmer_pop,DW,Onder,M,VA,VA46,0.292348048,0.008820029
lmer_pop,DW,Onder,M,VA,VA47,0.299348048,0.009528532
lmer_pop,DW,Onder,M,VA,VA48,0.259348048,0.008820029
lmer_pop,DW,Onder,M,VA,VA55,0.284348048,0.009528532
lmer_pop,DW,Onder,M,VA,VA57,0.293348048,0.009528532
lmer_pop,DW,Onder,M,VA,VA6,0.265348048,0.008820029
lmer_pop,DW,Onder,M,VA,VA66,0.298348048,0.009528532
lmer_pop,DW,Onder,M,VA,VA67,0.248348048,0.009528532
lmer_pop,DW,Onder,M,VA,VA71,0.227348048,0.009528532
lmer_pop,DW,Onder,M,VA,VA9,0.223348048,0.008172693
lmer_pop,DW,Onder,M,YE,YE13,0.249248317,0.008986774
lmer_pop,DW,Onder,M,YE,YE15,0.250248317,0.008986774
lmer_pop,DW,Onder,M,YE,YE19,0.219248317,0.008986774
lmer_pop,DW,Onder,M,YE,YE20,0.234248317,0.008986774
lmer_pop,DW,Onder,M,YE,YE21,0.256248317,0.008986774
lmer_pop,DW,Onder,M,YE,YE22,0.231248317,0.008986774
lmer_pop,DW,Onder,M,YE,YE23,0.246248317,0.008986774
lmer_pop,DW,Onder,M,YE,YE24,0.259248317,0.008986774
lmer_pop,DW,Onder,M,YE,YE26,0.277248317,0.008986774
lmer_pop,DW,Onder,M,YE,YE27,0.292248317,0.008986774
lmer_pop,DW,Onder,M,YE,YE33,0.242248317,0.008986774
lmer_pop,DW,Onder,M,YE,YE40,0.248248317,0.008986774
lmer_pop,DW,Onder,M,YE,YE41,0.235248317,0.008986774
lmer_pop,DW,Onder,M,YE,YE48,0.245248317,0.009683084
lmer_pop,DW,Onder,M,YE,YE49,0.272248317,0.009683084
lmer_pop,DW,Onder,M,YE,YE51,0.244248317,0.009683084
lmer_pop,DW,Onder,M,YE,YE69,0.282248317,0.009683084
lmer_pop,DW,Onder,M,YE,YE80,0.254248317,0.009683084
lmer_pop,Fec,Fricke,F,AK,AK10,66.45001934,13.8576967
lmer_pop,Fec,Fricke,F,AK,AK11,70.67101934,13.34175183
lmer_pop,Fec,Fricke,F,AK,AK12,77.73601934,14.51832266
lmer_pop,Fec,Fricke,F,AK,AK13,44.56901934,19.50883917
lmer_pop,Fec,Fricke,F,AK,AK14,66.32701934,15.30029169
lmer_pop,Fec,Fricke,F,AK,AK15,24.98501934,11.88170181
lmer_pop,Fec,Fricke,F,AK,AK16,53.74301934,13.34949336
lmer_pop,Fec,Fricke,F,AK,AK17,38.94801934,13.89255333
lmer_pop,Fec,Fricke,F,AK,AK18,62.08501934,12.22915847
lmer_pop,Fec,Fricke,F,AK,AK2,61.38301934,16.30007478
lmer_pop,Fec,Fricke,F,AK,AK20,88.35901934,14.52008929
lmer_pop,Fec,Fricke,F,AK,AK21,38.37401934,11.26956259
lmer_pop,Fec,Fricke,F,AK,AK3,57.02501934,17.65661295
lmer_pop,Fec,Fricke,F,AK,AK4,54.89301934,19.50415343
lmer_pop,Fec,Fricke,F,AK,AK5,78.70001934,13.50119687
lmer_pop,Fec,Fricke,F,AK,AK6,49.83801934,17.65661295
lmer_pop,Fec,Fricke,F,AK,AK7,62.26601934,13.34605248
lmer_pop,Fec,Fricke,F,AK,AK8,110.0910193,14.55631842
lmer_pop,Fec,Fricke,F,AK,AK9,54.03801934,17.61233241
lmer_pop,Fec,Fricke,F,GI,GI1,36.68527794,14.90373435
lmer_pop,Fec,Fricke,F,GI,GI10,57.10127794,13.19428302
lmer_pop,Fec,Fricke,F,GI,GI11,38.41127794,14.80748475
lmer_pop,Fec,Fricke,F,GI,GI12,24.38427794,13.61533582
lmer_pop,Fec,Fricke,F,GI,GI13,46.69027794,14.80748475
lmer_pop,Fec,Fricke,F,GI,GI14,70.49127794,14.76938904
lmer_pop,Fec,Fricke,F,GI,GI15,71.42627794,14.19010192
lmer_pop,Fec,Fricke,F,GI,GI2,54.46927794,15.58913627
lmer_pop,Fec,Fricke,F,GI,GI3,50.72227794,14.76852361
lmer_pop,Fec,Fricke,F,GI,GI4,32.99627794,14.81094962
lmer_pop,Fec,Fricke,F,GI,GI5,47.02327794,13.24814891
lmer_pop,Fec,Fricke,F,GI,GI6,54.03727794,15.56185813
lmer_pop,Fec,Fricke,F,GI,GI7,59.39827794,14.30375508
lmer_pop,Fec,Fricke,F,GI,GI8,40.34327794,19.71069987
lmer_pop,Fec,Fricke,F,GI,GI9,66.42427794,15.60234035
lmer_pop,Fec,Fricke,F,KA,KA10,38.84555127,12.86863467
lmer_pop,Fec,Fricke,F,KA,KA11,52.35655127,15.21766928
lmer_pop,Fec,Fricke,F,KA,KA13,40.61955127,14.48174876
lmer_pop,Fec,Fricke,F,KA,KA14,61.11955127,13.33657854
lmer_pop,Fec,Fricke,F,KA,KA15,63.83655127,12.9226254
lmer_pop,Fec,Fricke,F,KA,KA16,62.35255127,13.33657854
lmer_pop,Fec,Fricke,F,KA,KA17,40.63555127,12.14030305
lmer_pop,Fec,Fricke,F,KA,KA18,52.54955127,13.23094249
lmer_pop,Fec,Fricke,F,KA,KA2,50.53555127,14.47641804
lmer_pop,Fec,Fricke,F,KA,KA23,49.00555127,14.3956333
lmer_pop,Fec,Fricke,F,KA,KA24,36.63355127,11.60096717
lmer_pop,Fec,Fricke,F,KA,KA25,68.81755127,14.44533261
lmer_pop,Fec,Fricke,F,KA,KA28,63.34355127,15.22936529
lmer_pop,Fec,Fricke,F,KA,KA29,57.70555127,13.25602724
lmer_pop,Fec,Fricke,F,KA,KA3,28.74255127,13.28112794
lmer_pop,Fec,Fricke,F,KA,KA5,64.33055127,13.92851174
lmer_pop,Fec,Fricke,F,KA,KA6,43.90555127,17.55815657
lmer_pop,Fec,Fricke,F,KA,KA9,39.00555127,13.298448
lmer_pop,Fec,Fricke,F,MA,MA12,88.16460952,13.3716302
lmer_pop,Fec,Fricke,F,MA,MA13,77.20460952,13.80715551
lmer_pop,Fec,Fricke,F,MA,MA16,67.65060952,15.2158664
lmer_pop,Fec,Fricke,F,MA,MA18,43.26360952,14.36941746
lmer_pop,Fec,Fricke,F,MA,MA19,47.75960952,13.24885864
lmer_pop,Fec,Fricke,F,MA,MA20,39.14660952,13.28713149
lmer_pop,Fec,Fricke,F,MA,MA21,39.09060952,14.43622469
lmer_pop,Fec,Fricke,F,MA,MA23,45.81660952,14.43622469
lmer_pop,Fec,Fricke,F,MA,MA26,58.52760952,13.23842677
lmer_pop,Fec,Fricke,F,MA,MA27,49.59560952,12.81394359
lmer_pop,Fec,Fricke,F,MA,MA28,55.19060952,13.76403132
lmer_pop,Fec,Fricke,F,MA,MA3,44.99760952,13.77018952
lmer_pop,Fec,Fricke,F,MA,MA30,36.72260952,12.0859627
lmer_pop,Fec,Fricke,F,MA,MA31,101.1756095,13.23842677
lmer_pop,Fec,Fricke,F,MA,MA32,68.61260952,12.0859627
lmer_pop,Fec,Fricke,F,MA,MA33,38.58360952,13.76403132
lmer_pop,Fec,Fricke,F,MA,MA5,76.79560952,15.20232664
lmer_pop,Fec,Fricke,F,MA,MA6,46.68060952,14.3988027
lmer_pop,Fec,Fricke,F,MA,MA7,41.78860952,19.41468975
lmer_pop,Fec,Fricke,F,MA,MA9,53.04560952,19.41468975
lmer_pop,Fec,Fricke,F,MU,MU1,58.05883373,15.2752011
lmer_pop,Fec,Fricke,F,MU,MU10,65.83483373,12.40979136
lmer_pop,Fec,Fricke,F,MU,MU11,71.21383373,13.25386693
lmer_pop,Fec,Fricke,F,MU,MU12,44.38183373,15.42284256
lmer_pop,Fec,Fricke,F,MU,MU14,53.28983373,14.45084916
lmer_pop,Fec,Fricke,F,MU,MU15,45.12083373,19.461227
lmer_pop,Fec,Fricke,F,MU,MU17,51.43083373,14.48810193
lmer_pop,Fec,Fricke,F,MU,MU18,53.32283373,11.82182628
lmer_pop,Fec,Fricke,F,MU,MU19,46.79783373,15.24553317
lmer_pop,Fec,Fricke,F,MU,MU2,56.07983373,13.90144498
lmer_pop,Fec,Fricke,F,MU,MU20,55.24183373,13.8295964
lmer_pop,Fec,Fricke,F,MU,MU3,39.35883373,15.23025504
lmer_pop,Fec,Fricke,F,MU,MU4,88.80283373,13.89004685
lmer_pop,Fec,Fricke,F,MU,MU5,56.27683373,15.2752011
lmer_pop,Fec,Fricke,F,MU,MU6,78.11383373,13.40008573
lmer_pop,Fec,Fricke,F,MU,MU7,54.21083373,13.8295964
lmer_pop,Fec,Fricke,F,MU,MU8,51.21183373,11.86641094
lmer_pop,Fec,Fricke,F,MU,MU9,55.19883373,12.84589092
lmer_pop,Fec,Fricke,F,RE,RE1,46.77148762,14.76386829
lmer_pop,Fec,Fricke,F,RE,RE10,57.48048762,19.67925791
lmer_pop,Fec,Fricke,F,RE,RE11,80.18448762,14.80123373
lmer_pop,Fec,Fricke,F,RE,RE12,23.19848762,12.78483695
lmer_pop,Fec,Fricke,F,RE,RE13,48.39548762,14.74476296
lmer_pop,Fec,Fricke,F,RE,RE15,29.99548762,13.20548624
lmer_pop,Fec,Fricke,F,RE,RE16,99.70048762,13.20548624
lmer_pop,Fec,Fricke,F,RE,RE17,58.93448762,14.14639512
lmer_pop,Fec,Fricke,F,RE,RE18,37.88448762,11.58417692
lmer_pop,Fec,Fricke,F,RE,RE2,54.44748762,17.82257936
lmer_pop,Fec,Fricke,F,RE,RE3,40.70548762,17.85906198
lmer_pop,Fec,Fricke,F,RE,RE4,49.54248762,14.1181605
lmer_pop,Fec,Fricke,F,RE,RE5,42.77348762,19.68761323
lmer_pop,Fec,Fricke,F,RE,RE6,75.50748762,14.12243714
lmer_pop,Fec,Fricke,F,RE,RE7,80.24548762,14.26039662
lmer_pop,Fec,Fricke,F,RE,RE8,91.69648762,14.80123373
lmer_pop,Fec,Fricke,F,UM,UM13,45.58037454,15.36116128
lmer_pop,Fec,Fricke,F,UM,UM17,30.68437454,13.89145349
lmer_pop,Fec,Fricke,F,UM,UM18,37.85637454,13.96711241
lmer_pop,Fec,Fricke,F,UM,UM2,32.38037454,14.55049514
lmer_pop,Fec,Fricke,F,UM,UM20,27.01337454,11.65081993
lmer_pop,Fec,Fricke,F,UM,UM21,42.09737454,13.39573051
lmer_pop,Fec,Fricke,F,UM,UM23,28.75537454,14.51349513
lmer_pop,Fec,Fricke,F,UM,UM25,61.34837454,13.40517172
lmer_pop,Fec,Fricke,F,UM,UM26,69.67337454,13.92448361
lmer_pop,Fec,Fricke,F,UM,UM28,48.71337454,13.92448361
lmer_pop,Fec,Fricke,F,UM,UM29,40.96937454,12.96748302
lmer_pop,Fec,Fricke,F,UM,UM4,30.50537454,15.3477497
lmer_pop,Fec,Fricke,F,UM,UM5,48.78437454,15.41125705
lmer_pop,Fec,Fricke,F,UM,UM6,82.80637454,15.41125705
lmer_pop,Fec,Fricke,F,UM,UM7,60.22437454,15.41125705
lmer_pop,Fec,Fricke,F,UM,UM8,81.16837454,13.92970122
lmer_pop,Fec,Fricke,F,UM,UM9,30.44537454,15.31646748
lmer_pop,Fec,Fricke,F,VA,VA1,52.55252326,16.28993067
lmer_pop,Fec,Fricke,F,VA,VA11,31.23552326,14.49871223
lmer_pop,Fec,Fricke,F,VA,VA15,55.56752326,14.57963735
lmer_pop,Fec,Fricke,F,VA,VA18,43.73052326,19.44994818
lmer_pop,Fec,Fricke,F,VA,VA22,60.84952326,19.44149072
lmer_pop,Fec,Fricke,F,VA,VA26,42.27952326,14.42944338
lmer_pop,Fec,Fricke,F,VA,VA30,34.16152326,13.86897405
lmer_pop,Fec,Fricke,F,VA,VA34,65.60852326,15.26082882
lmer_pop,Fec,Fricke,F,VA,VA35,47.40252326,14.48360761
lmer_pop,Fec,Fricke,F,VA,VA44,45.97952326,14.48360761
lmer_pop,Fec,Fricke,F,VA,VA46,44.55752326,14.48360761
lmer_pop,Fec,Fricke,F,VA,VA47,40.23352326,15.2311329
lmer_pop,Fec,Fricke,F,VA,VA48,79.25352326,12.86730183
lmer_pop,Fec,Fricke,F,VA,VA55,91.36652326,12.84847214
lmer_pop,Fec,Fricke,F,VA,VA57,28.76552326,11.80324973
lmer_pop,Fec,Fricke,F,VA,VA66,40.63252326,12.42840297
lmer_pop,Fec,Fricke,F,VA,VA67,63.29952326,13.43927979
lmer_pop,Fec,Fricke,F,VA,VA71,61.53452326,13.29008086
lmer_pop,Fec,Fricke,F,VA,VA9,94.87152326,13.42277171
lmer_pop,Fec,Fricke,F,YE,YE11,61.81289063,12.81842873
lmer_pop,Fec,Fricke,F,YE,YE13,46.93789063,13.84901827
lmer_pop,Fec,Fricke,F,YE,YE14,64.78989063,16.22563118
lmer_pop,Fec,Fricke,F,YE,YE15,57.28889063,16.28041852
lmer_pop,Fec,Fricke,F,YE,YE19,34.30389063,17.58791205
lmer_pop,Fec,Fricke,F,YE,YE20,26.95289063,13.91931993
lmer_pop,Fec,Fricke,F,YE,YE21,32.57989063,12.91271758
lmer_pop,Fec,Fricke,F,YE,YE22,50.50889063,14.43469301
lmer_pop,Fec,Fricke,F,YE,YE23,74.68689063,13.29315471
lmer_pop,Fec,Fricke,F,YE,YE24,83.45789063,15.25067481
lmer_pop,Fec,Fricke,F,YE,YE26,39.31789063,15.23176323
lmer_pop,Fec,Fricke,F,YE,YE27,41.50589063,15.2092566
lmer_pop,Fec,Fricke,F,YE,YE33,59.59889063,15.17146302
lmer_pop,Fec,Fricke,F,YE,YE40,49.31989063,13.27841991
lmer_pop,Fec,Fricke,F,YE,YE41,45.15689063,15.22095908
lmer_pop,Fec,Fricke,F,YE,YE48,72.25689063,14.43646987
lmer_pop,Fec,Fricke,F,YE,YE51,49.21889063,13.2472347
lmer_pop,Fec,Fricke,F,YE,YE69,53.86589063,12.40325002
lmer_pop,Fec,Fricke,F,YE,YE80,67.40689063,13.27841991
lmer_pop,HSM,Parsch,F,AK,AK1,332.1689749,28.05654413
lmer_pop,HSM,Parsch,F,AK,AK10,414.4339749,30.97292113
lmer_pop,HSM,Parsch,F,AK,AK11,450.6739749,29.43828377
lmer_pop,HSM,Parsch,F,AK,AK13,439.5859749,30.36962582
lmer_pop,HSM,Parsch,F,AK,AK14,389.1399749,28.95906028
lmer_pop,HSM,Parsch,F,AK,AK17,306.2789749,28.01013739
lmer_pop,HSM,Parsch,F,AK,AK18,397.9289749,36.77804231
lmer_pop,HSM,Parsch,F,AK,AK20,418.0749749,35.7692181
lmer_pop,HSM,Parsch,F,AK,AK21,423.6159749,33.61527664
lmer_pop,HSM,Parsch,F,AK,AK3,395.2699749,38.00273638
lmer_pop,HSM,Parsch,F,AK,AK4,330.4539749,28.40211563
lmer_pop,HSM,Parsch,F,AK,AK6,428.2339749,33.60529465
lmer_pop,HSM,Parsch,F,AK,AK7,368.7829749,44.44134827
lmer_pop,HSM,Parsch,F,AK,AK9,422.8689749,31.25087044
lmer_pop,HSM,Parsch,F,GI,GI1,328.254556,27.57044799
lmer_pop,HSM,Parsch,F,GI,GI10,364.292556,28.66053606
lmer_pop,HSM,Parsch,F,GI,GI11,377.506556,28.77621142
lmer_pop,HSM,Parsch,F,GI,GI12,353.605556,28.39604928
lmer_pop,HSM,Parsch,F,GI,GI13,323.535556,27.616372
lmer_pop,HSM,Parsch,F,GI,GI14,282.022556,27.616372
lmer_pop,HSM,Parsch,F,GI,GI15,349.867556,28.29560415
lmer_pop,HSM,Parsch,F,GI,GI2,385.598556,29.26757194
lmer_pop,HSM,Parsch,F,GI,GI3,339.478556,27.90980343
lmer_pop,HSM,Parsch,F,GI,GI4,351.482556,28.56510008
lmer_pop,HSM,Parsch,F,GI,GI5,270.481556,27.76805759
lmer_pop,HSM,Parsch,F,GI,GI6,337.201556,28.21700201
lmer_pop,HSM,Parsch,F,GI,GI7,340.146556,28.46647754
lmer_pop,HSM,Parsch,F,GI,GI8,342.683556,28.37839529
lmer_pop,HSM,Parsch,F,GI,GI9,316.409556,27.88116008
lmer_pop,HSM,Parsch,F,KA,KA1,315.5920239,27.8821821
lmer_pop,HSM,Parsch,F,KA,KA10,377.4730239,29.9082573
lmer_pop,HSM,Parsch,F,KA,KA11,368.2220239,31.13964647
lmer_pop,HSM,Parsch,F,KA,KA14,376.3960239,29.40451759
lmer_pop,HSM,Parsch,F,KA,KA15,360.8030239,27.96291255
lmer_pop,HSM,Parsch,F,KA,KA17,355.0680239,28.1078062
lmer_pop,HSM,Parsch,F,KA,KA18,392.1540239,28.96704502
lmer_pop,HSM,Parsch,F,KA,KA23,404.1850239,28.51948594
lmer_pop,HSM,Parsch,F,KA,KA24,329.7580239,33.22558084
lmer_pop,HSM,Parsch,F,KA,KA28,383.5200239,28.75153531
lmer_pop,HSM,Parsch,F,KA,KA29,314.9160239,27.54791748
lmer_pop,HSM,Parsch,F,KA,KA3,391.1280239,30.57900347
lmer_pop,HSM,Parsch,F,KA,KA5,402.1340239,29.71969228
lmer_pop,HSM,Parsch,F,KA,KA7,398.8630239,41.3094891
lmer_pop,HSM,Parsch,F,KA,KA9,375.1230239,31.15193513
lmer_pop,HSM,Parsch,F,MA,MA12,394.5206206,28.93607726
lmer_pop,HSM,Parsch,F,MA,MA16,414.7276206,31.66200788
lmer_pop,HSM,Parsch,F,MA,MA19,438.3766206,35.02603693
lmer_pop,HSM,Parsch,F,MA,MA20,442.4276206,38.10943672
lmer_pop,HSM,Parsch,F,MA,MA21,301.8976206,28.21209418
lmer_pop,HSM,Parsch,F,MA,MA23,446.2286206,36.8694283
lmer_pop,HSM,Parsch,F,MA,MA26,458.3256206,31.98594914
lmer_pop,HSM,Parsch,F,MA,MA3,395.6296206,44.52162161
lmer_pop,HSM,Parsch,F,MA,MA30,472.7556206,30.1097738
lmer_pop,HSM,Parsch,F,MA,MA33,353.9316206,28.31691258
lmer_pop,HSM,Parsch,F,MA,MA5,426.0866206,35.86720795
lmer_pop,HSM,Parsch,F,MA,MA6,441.1396206,31.67713399
lmer_pop,HSM,Parsch,F,MA,MA7,454.7086206,35.03297851
lmer_pop,HSM,Parsch,F,MA,MA9,466.1336206,29.80953777
lmer_pop,HSM,Parsch,F,MU,MU1,326.8174583,27.60202112
lmer_pop,HSM,Parsch,F,MU,MU10,432.8814583,29.60207325
lmer_pop,HSM,Parsch,F,MU,MU11,443.2124583,39.28802974
lmer_pop,HSM,Parsch,F,MU,MU14,425.5704583,37.73061018
lmer_pop,HSM,Parsch,F,MU,MU15,434.5474583,28.14674668
lmer_pop,HSM,Parsch,F,MU,MU17,369.1644583,27.6517316
lmer_pop,HSM,Parsch,F,MU,MU18,461.5204583,28.80355134
lmer_pop,HSM,Parsch,F,MU,MU2,397.7414583,29.756103
lmer_pop,HSM,Parsch,F,MU,MU20,463.7304583,28.90614028
lmer_pop,HSM,Parsch,F,MU,MU3,360.6924583,27.81831664
lmer_pop,HSM,Parsch,F,MU,MU4,288.5114583,27.6526469
lmer_pop,HSM,Parsch,F,MU,MU5,400.2954583,29.79728344
lmer_pop,HSM,Parsch,F,MU,MU6,440.6124583,30.19362881
lmer_pop,HSM,Parsch,F,MU,MU7,412.6234583,28.79365799
lmer_pop,HSM,Parsch,F,MU,MU9,344.2294583,27.8855015
lmer_pop,HSM,Parsch,F,RE,RE10,177.1438879,27.30376541
lmer_pop,HSM,Parsch,F,RE,RE11,360.2318879,27.57877715
lmer_pop,HSM,Parsch,F,RE,RE12,295.1638879,27.30376541
lmer_pop,HSM,Parsch,F,RE,RE13,295.7258879,27.3541366
lmer_pop,HSM,Parsch,F,RE,RE15,219.7828879,27.30376541
lmer_pop,HSM,Parsch,F,RE,RE16,222.8248879,27.53514898
lmer_pop,HSM,Parsch,F,RE,RE17,331.1098879,28.97526789
lmer_pop,HSM,Parsch,F,RE,RE18,354.3518879,28.34465843
lmer_pop,HSM,Parsch,F,RE,RE2,391.9278879,28.31521819
lmer_pop,HSM,Parsch,F,RE,RE3,275.3168879,27.48855297
lmer_pop,HSM,Parsch,F,RE,RE4,343.4238879,27.87856419
lmer_pop,HSM,Parsch,F,RE,RE5,394.9828879,34.51601942
lmer_pop,HSM,Parsch,F,RE,RE6,406.0628879,29.68514134
lmer_pop,HSM,Parsch,F,RE,RE7,397.4728879,31.09566859
lmer_pop,HSM,Parsch,F,RE,RE8,382.9568879,28.31420459
lmer_pop,HSM,Parsch,F,UM,UM13,364.3211606,28.6038847
lmer_pop,HSM,Parsch,F,UM,UM17,402.0501606,29.89257078
lmer_pop,HSM,Parsch,F,UM,UM18,430.3751606,39.81087263
lmer_pop,HSM,Parsch,F,UM,UM2,347.1261606,44.60045179
lmer_pop,HSM,Parsch,F,UM,UM20,377.6371606,29.42404022
lmer_pop,HSM,Parsch,F,UM,UM21,344.2661606,28.49749231
lmer_pop,HSM,Parsch,F,UM,UM23,346.7491606,44.61278914
lmer_pop,HSM,Parsch,F,UM,UM25,407.9751606,44.61278914
lmer_pop,HSM,Parsch,F,UM,UM26,436.8201606,35.20312138
lmer_pop,HSM,Parsch,F,UM,UM28,397.0911606,30.01643115
lmer_pop,HSM,Parsch,F,UM,UM29,399.4141606,31.58891102
lmer_pop,HSM,Parsch,F,UM,UM4,419.9961606,32.9367659
lmer_pop,HSM,Parsch,F,UM,UM5,419.9931606,33.96677192
lmer_pop,HSM,Parsch,F,UM,UM7,412.8191606,29.89944713
lmer_pop,HSM,Parsch,F,UM,UM9,419.1171606,30.86739542
lmer_pop,HSM,Parsch,F,VA,VA1,330.5716428,28.48071199
lmer_pop,HSM,Parsch,F,VA,VA18,391.6906428,39.82162064
lmer_pop,HSM,Parsch,F,VA,VA22,395.8986428,31.94410466
lmer_pop,HSM,Parsch,F,VA,VA26,422.0486428,35.22109456
lmer_pop,HSM,Parsch,F,VA,VA30,380.1016428,31.59904029
lmer_pop,HSM,Parsch,F,VA,VA34,365.8066428,29.1028801
lmer_pop,HSM,Parsch,F,VA,VA47,360.0906428,44.63681129
lmer_pop,HSM,Parsch,F,VA,VA48,422.1266428,41.85304078
lmer_pop,HSM,Parsch,F,VA,VA55,418.8446428,38.27844212
lmer_pop,HSM,Parsch,F,VA,VA57,373.8286428,29.79869303
lmer_pop,HSM,Parsch,F,VA,VA6,382.2566428,28.88388885
lmer_pop,HSM,Parsch,F,VA,VA66,427.5756428,30.69647529
lmer_pop,HSM,Parsch,F,VA,VA67,336.8936428,36.04176404
lmer_pop,HSM,Parsch,F,VA,VA71,422.4286428,44.63681129
lmer_pop,HSM,Parsch,F,VA,VA9,344.6076428,28.75234269
lmer_pop,HSM,Parsch,F,YE,YE11,221.9880967,27.29225169
lmer_pop,HSM,Parsch,F,YE,YE13,352.6160967,27.38875024
lmer_pop,HSM,Parsch,F,YE,YE15,315.4770967,27.9427078
lmer_pop,HSM,Parsch,F,YE,YE19,372.2270967,30.3660949
lmer_pop,HSM,Parsch,F,YE,YE21,375.0360967,33.63337239
lmer_pop,HSM,Parsch,F,YE,YE22,287.3710967,28.53853806
lmer_pop,HSM,Parsch,F,YE,YE23,246.7000967,26.77210142
lmer_pop,HSM,Parsch,F,YE,YE24,336.1830967,27.45139637
lmer_pop,HSM,Parsch,F,YE,YE26,331.6810967,28.91229426
lmer_pop,HSM,Parsch,F,YE,YE33,282.5580967,27.81837377
lmer_pop,HSM,Parsch,F,YE,YE40,240.6170967,27.27559485
lmer_pop,HSM,Parsch,F,YE,YE48,292.9260967,27.37749922
lmer_pop,HSM,Parsch,F,YE,YE51,355.3420967,28.22829516
lmer_pop,HSM,Parsch,F,YE,YE69,353.8850967,28.21850447
lmer_pop,HSM,Parsch,F,YE,YE80,317.3570967,27.49787698
lmer_pop,HSM,Parsch,M,AK,AK1,355.6592245,28.62609164
lmer_pop,HSM,Parsch,M,AK,AK10,394.5582245,28.80536544
lmer_pop,HSM,Parsch,M,AK,AK11,362.8452245,28.8101062
lmer_pop,HSM,Parsch,M,AK,AK13,367.2072245,28.85900439
lmer_pop,HSM,Parsch,M,AK,AK14,249.8332245,28.5860218
lmer_pop,HSM,Parsch,M,AK,AK17,343.7242245,28.62567287
lmer_pop,HSM,Parsch,M,AK,AK18,425.0912245,30.48518662
lmer_pop,HSM,Parsch,M,AK,AK20,447.5742245,30.18981421
lmer_pop,HSM,Parsch,M,AK,AK21,444.1892245,29.36463762
lmer_pop,HSM,Parsch,M,AK,AK3,302.3552245,28.71042184
lmer_pop,HSM,Parsch,M,AK,AK4,377.1712245,28.80450385
lmer_pop,HSM,Parsch,M,AK,AK6,437.6222245,29.6215763
lmer_pop,HSM,Parsch,M,AK,AK7,486.0032245,34.45218539
lmer_pop,HSM,Parsch,M,AK,AK8,431.8812245,33.28985723
lmer_pop,HSM,Parsch,M,AK,AK9,309.9902245,28.62609164
lmer_pop,HSM,Parsch,M,GI,GI1,335.9528325,28.69479958
lmer_pop,HSM,Parsch,M,GI,GI10,322.6808325,28.91774284
lmer_pop,HSM,Parsch,M,GI,GI11,313.6148325,28.77783449
lmer_pop,HSM,Parsch,M,GI,GI12,288.6218325,28.69479958
lmer_pop,HSM,Parsch,M,GI,GI13,194.0008325,28.69776154
lmer_pop,HSM,Parsch,M,GI,GI14,268.9668325,28.73852407
lmer_pop,HSM,Parsch,M,GI,GI15,299.8168325,28.69479958
lmer_pop,HSM,Parsch,M,GI,GI2,344.2028325,28.86889722
lmer_pop,HSM,Parsch,M,GI,GI3,335.0888325,30.93868171
lmer_pop,HSM,Parsch,M,GI,GI4,201.1918325,28.6560013
lmer_pop,HSM,Parsch,M,GI,GI5,258.0148325,28.6560013
lmer_pop,HSM,Parsch,M,GI,GI6,298.2848325,28.73511715
lmer_pop,HSM,Parsch,M,GI,GI7,304.0648325,28.86889722
lmer_pop,HSM,Parsch,M,GI,GI8,291.2558325,28.73511715
lmer_pop,HSM,Parsch,M,GI,GI9,220.1688325,28.6560013
lmer_pop,HSM,Parsch,M,KA,KA1,335.8982333,28.80001251
lmer_pop,HSM,Parsch,M,KA,KA10,349.3022333,29.09340676
lmer_pop,HSM,Parsch,M,KA,KA11,366.0932333,28.96916302
lmer_pop,HSM,Parsch,M,KA,KA14,365.4482333,29.09566878
lmer_pop,HSM,Parsch,M,KA,KA15,216.9742333,28.53018552
lmer_pop,HSM,Parsch,M,KA,KA17,350.6982333,28.97405655
lmer_pop,HSM,Parsch,M,KA,KA18,359.1482333,29.03438578
lmer_pop,HSM,Parsch,M,KA,KA23,340.9052333,28.65580152
lmer_pop,HSM,Parsch,M,KA,KA24,351.7832333,30.79021997
lmer_pop,HSM,Parsch,M,KA,KA28,310.0172333,28.53018552
lmer_pop,HSM,Parsch,M,KA,KA29,345.2022333,28.80001251
lmer_pop,HSM,Parsch,M,KA,KA3,388.8612333,29.7798412
lmer_pop,HSM,Parsch,M,KA,KA5,364.9132333,28.80739387
lmer_pop,HSM,Parsch,M,KA,KA7,369.9362333,32.06240699
lmer_pop,HSM,Parsch,M,KA,KA9,279.8702333,28.53018552
lmer_pop,HSM,Parsch,M,MA,MA12,426.0835648,29.96590322
lmer_pop,HSM,Parsch,M,MA,MA16,382.2625648,28.93534131
lmer_pop,HSM,Parsch,M,MA,MA18,476.7555648,34.47391303
lmer_pop,HSM,Parsch,M,MA,MA19,421.4605648,29.17437027
lmer_pop,HSM,Parsch,M,MA,MA20,303.5245648,28.61480134
lmer_pop,HSM,Parsch,M,MA,MA21,350.5885648,28.65541179
lmer_pop,HSM,Parsch,M,MA,MA23,432.8625648,31.53583447
lmer_pop,HSM,Parsch,M,MA,MA26,423.2765648,29.39041138
lmer_pop,HSM,Parsch,M,MA,MA3,425.0655648,28.6975613
lmer_pop,HSM,Parsch,M,MA,MA30,273.8115648,28.61480134
lmer_pop,HSM,Parsch,M,MA,MA33,379.9755648,28.61480134
lmer_pop,HSM,Parsch,M,MA,MA5,441.2485648,29.31573659
lmer_pop,HSM,Parsch,M,MA,MA6,398.2265648,29.47236258
lmer_pop,HSM,Parsch,M,MA,MA7,378.7975648,28.74084858
lmer_pop,HSM,Parsch,M,MA,MA9,297.2345648,28.61480134
lmer_pop,HSM,Parsch,M,MU,MU1,383.6111002,28.83160406
lmer_pop,HSM,Parsch,M,MU,MU10,414.6881002,28.73422206
lmer_pop,HSM,Parsch,M,MU,MU11,399.5581002,29.12449959
lmer_pop,HSM,Parsch,M,MU,MU14,416.5641002,29.3442246
lmer_pop,HSM,Parsch,M,MU,MU15,263.5331002,28.56256453
lmer_pop,HSM,Parsch,M,MU,MU17,419.8101002,28.88588113
lmer_pop,HSM,Parsch,M,MU,MU18,371.7031002,28.73422206
lmer_pop,HSM,Parsch,M,MU,MU2,395.1171002,28.94103062
lmer_pop,HSM,Parsch,M,MU,MU20,351.2621002,28.56256453
lmer_pop,HSM,Parsch,M,MU,MU3,226.8801002,28.56256453
lmer_pop,HSM,Parsch,M,MU,MU4,304.8491002,28.56256453
lmer_pop,HSM,Parsch,M,MU,MU5,361.7261002,28.88983734
lmer_pop,HSM,Parsch,M,MU,MU6,413.9731002,28.83552901
lmer_pop,HSM,Parsch,M,MU,MU7,336.6301002,28.78598127
lmer_pop,HSM,Parsch,M,MU,MU9,224.3861002,28.56256453
lmer_pop,HSM,Parsch,M,RE,RE10,206.0103891,28.46890981
lmer_pop,HSM,Parsch,M,RE,RE11,254.3743891,28.46890981
lmer_pop,HSM,Parsch,M,RE,RE12,211.9903891,28.50852128
lmer_pop,HSM,Parsch,M,RE,RE13,218.7053891,28.51059173
lmer_pop,HSM,Parsch,M,RE,RE15,148.8613891,28.46890981
lmer_pop,HSM,Parsch,M,RE,RE16,233.8683891,28.67558853
lmer_pop,HSM,Parsch,M,RE,RE17,307.2353891,28.7582373
lmer_pop,HSM,Parsch,M,RE,RE18,267.5773891,28.75694451
lmer_pop,HSM,Parsch,M,RE,RE2,286.4623891,28.67558853
lmer_pop,HSM,Parsch,M,RE,RE3,158.9483891,28.71571001
lmer_pop,HSM,Parsch,M,RE,RE4,344.5883891,28.89231352
lmer_pop,HSM,Parsch,M,RE,RE5,396.0683891,29.53123773
lmer_pop,HSM,Parsch,M,RE,RE6,373.2833891,28.94305557
lmer_pop,HSM,Parsch,M,RE,RE7,353.3373891,28.99594925
lmer_pop,HSM,Parsch,M,RE,RE8,185.7203891,28.67558853
lmer_pop,HSM,Parsch,M,UM,UM13,354.1967257,29.21194226
lmer_pop,HSM,Parsch,M,UM,UM17,353.5937257,29.02889426
lmer_pop,HSM,Parsch,M,UM,UM18,417.7137257,29.56927909
lmer_pop,HSM,Parsch,M,UM,UM2,418.3907257,30.28937904
lmer_pop,HSM,Parsch,M,UM,UM20,253.5517257,28.94873059
lmer_pop,HSM,Parsch,M,UM,UM21,385.3317257,29.21369697
lmer_pop,HSM,Parsch,M,UM,UM23,416.3997257,34.10421531
lmer_pop,HSM,Parsch,M,UM,UM25,420.2567257,32.10182515
lmer_pop,HSM,Parsch,M,UM,UM26,342.0547257,29.38374724
lmer_pop,HSM,Parsch,M,UM,UM28,248.9967257,28.94873059
lmer_pop,HSM,Parsch,M,UM,UM29,395.8707257,29.71415491
lmer_pop,HSM,Parsch,M,UM,UM4,383.7207257,29.16299029
lmer_pop,HSM,Parsch,M,UM,UM5,430.5947257,29.88449434
lmer_pop,HSM,Parsch,M,UM,UM7,408.7197257,30.83811542
lmer_pop,HSM,Parsch,M,UM,UM9,309.3987257,28.94873059
lmer_pop,HSM,Parsch,M,VA,VA1,337.401869,28.98201141
lmer_pop,HSM,Parsch,M,VA,VA18,405.092869,29.49556715
lmer_pop,HSM,Parsch,M,VA,VA22,418.923869,32.08850775
lmer_pop,HSM,Parsch,M,VA,VA26,366.328869,29.43012826
lmer_pop,HSM,Parsch,M,VA,VA30,318.010869,28.94225909
lmer_pop,HSM,Parsch,M,VA,VA34,382.484869,29.31339641
lmer_pop,HSM,Parsch,M,VA,VA47,407.723869,33.12086316
lmer_pop,HSM,Parsch,M,VA,VA48,431.764869,32.39166846
lmer_pop,HSM,Parsch,M,VA,VA55,366.208869,29.02201374
lmer_pop,HSM,Parsch,M,VA,VA57,214.015869,28.94225909
lmer_pop,HSM,Parsch,M,VA,VA6,357.827869,29.02201374
lmer_pop,HSM,Parsch,M,VA,VA66,411.282869,30.27471592
lmer_pop,HSM,Parsch,M,VA,VA67,366.182869,29.25749
lmer_pop,HSM,Parsch,M,VA,VA71,369.881869,29.25793199
lmer_pop,HSM,Parsch,M,VA,VA9,143.094869,28.94225909
lmer_pop,HSM,Parsch,M,YE,YE11,230.9251061,28.53423708
lmer_pop,HSM,Parsch,M,YE,YE13,339.5831061,28.53423708
lmer_pop,HSM,Parsch,M,YE,YE15,292.5731061,28.67645697
lmer_pop,HSM,Parsch,M,YE,YE19,342.6241061,28.75202756
lmer_pop,HSM,Parsch,M,YE,YE21,317.8031061,28.65856601
lmer_pop,HSM,Parsch,M,YE,YE22,78.89410609,29.40599742
lmer_pop,HSM,Parsch,M,YE,YE23,218.9291061,28.0038157
lmer_pop,HSM,Parsch,M,YE,YE24,303.5201061,28.4345466
lmer_pop,HSM,Parsch,M,YE,YE26,292.0281061,28.77237892
lmer_pop,HSM,Parsch,M,YE,YE33,205.5731061,28.38968414
lmer_pop,HSM,Parsch,M,YE,YE40,125.4351061,28.38968414
lmer_pop,HSM,Parsch,M,YE,YE48,289.2411061,28.65290318
lmer_pop,HSM,Parsch,M,YE,YE51,298.9061061,28.72821241
lmer_pop,HSM,Parsch,M,YE,YE69,315.1221061,28.72953333
lmer_pop,HSM,Parsch,M,YE,YE80,218.5731061,28.63073365
lmer_pop,LS,Pasyukova,F,AK,AK1,42.07475,2.716944051
lmer_pop,LS,Pasyukova,F,AK,AK10,37.03975,2.716944051
lmer_pop,LS,Pasyukova,F,AK,AK11,45.36975,2.716944051
lmer_pop,LS,Pasyukova,F,AK,AK12,45.49375,2.716944051
lmer_pop,LS,Pasyukova,F,AK,AK13,42.15075,2.716944051
lmer_pop,LS,Pasyukova,F,AK,AK14,44.64875,2.716944051
lmer_pop,LS,Pasyukova,F,AK,AK15,43.28075,2.716944051
lmer_pop,LS,Pasyukova,F,AK,AK16,51.88575,2.716944051
lmer_pop,LS,Pasyukova,F,AK,AK17,37.81875,2.716944051
lmer_pop,LS,Pasyukova,F,AK,AK18,54.95375,2.716944051
lmer_pop,LS,Pasyukova,F,AK,AK19,35.74875,2.716944051
lmer_pop,LS,Pasyukova,F,AK,AK2,45.55075,2.716944051
lmer_pop,LS,Pasyukova,F,AK,AK20,43.89775,2.716944051
lmer_pop,LS,Pasyukova,F,AK,AK21,43.55575,2.716944051
lmer_pop,LS,Pasyukova,F,AK,AK24,39.74675,2.716944051
lmer_pop,LS,Pasyukova,F,AK,AK3,45.27475,2.716944051
lmer_pop,LS,Pasyukova,F,AK,AK4,46.11075,2.716944051
lmer_pop,LS,Pasyukova,F,AK,AK5,47.69775,2.716944051
lmer_pop,LS,Pasyukova,F,AK,AK6,46.72875,2.716944051
lmer_pop,LS,Pasyukova,F,AK,AK7,41.39975,2.716944051
lmer_pop,LS,Pasyukova,F,AK,AK8,40.93475,2.716944051
lmer_pop,LS,Pasyukova,F,AK,AK9,39.89875,2.716944051
lmer_pop,LS,Pasyukova,F,GI,GI1,36.91357692,2.898426901
lmer_pop,LS,Pasyukova,F,GI,GI10,44.29357692,2.898426901
lmer_pop,LS,Pasyukova,F,GI,GI11,43.12557692,2.898426901
lmer_pop,LS,Pasyukova,F,GI,GI13,47.36157692,2.898426901
lmer_pop,LS,Pasyukova,F,GI,GI14,44.22657692,2.898426901
lmer_pop,LS,Pasyukova,F,GI,GI2,45.56657692,2.898426901
lmer_pop,LS,Pasyukova,F,GI,GI3,47.90257692,2.898426901
lmer_pop,LS,Pasyukova,F,GI,GI4,38.00557692,2.898426901
lmer_pop,LS,Pasyukova,F,GI,GI5,36.04857692,2.898426901
lmer_pop,LS,Pasyukova,F,GI,GI6,47.87457692,2.898426901
lmer_pop,LS,Pasyukova,F,GI,GI7,40.45657692,2.898426901
lmer_pop,LS,Pasyukova,F,GI,GI8,45.32857692,2.898426901
lmer_pop,LS,Pasyukova,F,GI,GI9,49.18457692,2.898426901
lmer_pop,LS,Pasyukova,F,KA,KA1,48.157375,2.74390003
lmer_pop,LS,Pasyukova,F,KA,KA10,58.102375,2.74390003
lmer_pop,LS,Pasyukova,F,KA,KA11,42.458375,2.74390003
lmer_pop,LS,Pasyukova,F,KA,KA13,43.750375,2.74390003
lmer_pop,LS,Pasyukova,F,KA,KA14,46.932375,2.74390003
lmer_pop,LS,Pasyukova,F,KA,KA15,49.487375,2.74390003
lmer_pop,LS,Pasyukova,F,KA,KA16,44.548375,2.74390003
lmer_pop,LS,Pasyukova,F,KA,KA17,39.229375,2.74390003
lmer_pop,LS,Pasyukova,F,KA,KA18,46.998375,2.74390003
lmer_pop,LS,Pasyukova,F,KA,KA2,55.100375,2.74390003
lmer_pop,LS,Pasyukova,F,KA,KA23,47.397375,2.74390003
lmer_pop,LS,Pasyukova,F,KA,KA24,49.344375,2.74390003
lmer_pop,LS,Pasyukova,F,KA,KA25,38.602375,2.74390003
lmer_pop,LS,Pasyukova,F,KA,KA28,45.488375,2.74390003
lmer_pop,LS,Pasyukova,F,KA,KA29,46.096375,2.74390003
lmer_pop,LS,Pasyukova,F,KA,KA3,46.115375,2.74390003
lmer_pop,LS,Pasyukova,F,KA,KA5,43.199375,2.74390003
lmer_pop,LS,Pasyukova,F,KA,KA6,43.636375,2.74390003
lmer_pop,LS,Pasyukova,F,KA,KA7,49.268375,2.74390003
lmer_pop,LS,Pasyukova,F,KA,KA9,45.678375,2.74390003
lmer_pop,LS,Pasyukova,F,MA,MA12,42.19675,2.74390003
lmer_pop,LS,Pasyukova,F,MA,MA13,49.89075,2.74390003
lmer_pop,LS,Pasyukova,F,MA,MA16,52.46475,2.74390003
lmer_pop,LS,Pasyukova,F,MA,MA18,49.78575,2.74390003
lmer_pop,LS,Pasyukova,F,MA,MA19,50.45075,2.74390003
lmer_pop,LS,Pasyukova,F,MA,MA20,46.35675,2.74390003
lmer_pop,LS,Pasyukova,F,MA,MA21,43.67875,2.74390003
lmer_pop,LS,Pasyukova,F,MA,MA23,41.88375,2.74390003
lmer_pop,LS,Pasyukova,F,MA,MA26,33.21175,2.74390003
lmer_pop,LS,Pasyukova,F,MA,MA27,39.52775,2.74390003
lmer_pop,LS,Pasyukova,F,MA,MA28,44.76175,2.74390003
lmer_pop,LS,Pasyukova,F,MA,MA3,41.39875,2.74390003
lmer_pop,LS,Pasyukova,F,MA,MA30,44.17275,2.74390003
lmer_pop,LS,Pasyukova,F,MA,MA31,37.75175,2.74390003
lmer_pop,LS,Pasyukova,F,MA,MA32,44.38175,2.74390003
lmer_pop,LS,Pasyukova,F,MA,MA33,38.24575,2.74390003
lmer_pop,LS,Pasyukova,F,MA,MA5,40.99975,2.74390003
lmer_pop,LS,Pasyukova,F,MA,MA6,37.02075,2.74390003
lmer_pop,LS,Pasyukova,F,MA,MA7,44.30575,2.74390003
lmer_pop,LS,Pasyukova,F,MA,MA9,44.19175,2.74390003
lmer_pop,LS,Pasyukova,F,MU,MU1,45.1855,2.74390003
lmer_pop,LS,Pasyukova,F,MU,MU10,45.6415,2.74390003
lmer_pop,LS,Pasyukova,F,MU,MU11,47.8355,2.74390003
lmer_pop,LS,Pasyukova,F,MU,MU12,43.3335,2.74390003
lmer_pop,LS,Pasyukova,F,MU,MU13,37.6915,2.74390003
lmer_pop,LS,Pasyukova,F,MU,MU14,45.6985,2.74390003
lmer_pop,LS,Pasyukova,F,MU,MU15,47.4845,2.74390003
lmer_pop,LS,Pasyukova,F,MU,MU16,39.8385,2.74390003
lmer_pop,LS,Pasyukova,F,MU,MU17,39.1445,2.74390003
lmer_pop,LS,Pasyukova,F,MU,MU18,48.1205,2.74390003
lmer_pop,LS,Pasyukova,F,MU,MU19,38.0905,2.74390003
lmer_pop,LS,Pasyukova,F,MU,MU2,47.7785,2.74390003
lmer_pop,LS,Pasyukova,F,MU,MU20,38.7745,2.74390003
lmer_pop,LS,Pasyukova,F,MU,MU3,47.1135,2.74390003
lmer_pop,LS,Pasyukova,F,MU,MU4,51.0175,2.74390003
lmer_pop,LS,Pasyukova,F,MU,MU5,41.4435,2.74390003
lmer_pop,LS,Pasyukova,F,MU,MU6,41.8325,2.74390003
lmer_pop,LS,Pasyukova,F,MU,MU7,36.7705,2.74390003
lmer_pop,LS,Pasyukova,F,MU,MU8,46.4585,2.74390003
lmer_pop,LS,Pasyukova,F,MU,MU9,43.4955,2.74390003
lmer_pop,LS,Pasyukova,F,RE,RE1,40.1853125,2.816699126
lmer_pop,LS,Pasyukova,F,RE,RE10,40.7073125,2.816699126
lmer_pop,LS,Pasyukova,F,RE,RE11,45.9503125,2.816699126
lmer_pop,LS,Pasyukova,F,RE,RE12,43.6043125,2.816699126
lmer_pop,LS,Pasyukova,F,RE,RE13,43.9373125,2.816699126
lmer_pop,LS,Pasyukova,F,RE,RE15,47.0333125,2.816699126
lmer_pop,LS,Pasyukova,F,RE,RE16,40.4413125,2.816699126
lmer_pop,LS,Pasyukova,F,RE,RE17,42.9683125,2.816699126
lmer_pop,LS,Pasyukova,F,RE,RE18,39.3773125,2.816699126
lmer_pop,LS,Pasyukova,F,RE,RE2,46.0553125,2.816699126
lmer_pop,LS,Pasyukova,F,RE,RE3,38.8653125,2.816699126
lmer_pop,LS,Pasyukova,F,RE,RE4,48.6103125,2.816699126
lmer_pop,LS,Pasyukova,F,RE,RE5,53.9483125,2.816699126
lmer_pop,LS,Pasyukova,F,RE,RE6,46.9663125,2.816699126
lmer_pop,LS,Pasyukova,F,RE,RE7,42.4553125,2.816699126
lmer_pop,LS,Pasyukova,F,RE,RE8,41.2203125,2.816699126
lmer_pop,LS,Pasyukova,F,UM,UM13,43.77827778,2.776490845
lmer_pop,LS,Pasyukova,F,UM,UM17,36.96727778,2.776490845
lmer_pop,LS,Pasyukova,F,UM,UM18,40.66227778,2.776490845
lmer_pop,LS,Pasyukova,F,UM,UM2,36.92927778,2.776490845
lmer_pop,LS,Pasyukova,F,UM,UM20,42.54327778,2.776490845
lmer_pop,LS,Pasyukova,F,UM,UM21,44.86027778,2.776490845
lmer_pop,LS,Pasyukova,F,UM,UM22,41.28927778,2.776490845
lmer_pop,LS,Pasyukova,F,UM,UM23,39.56027778,2.776490845
lmer_pop,LS,Pasyukova,F,UM,UM24,41.94427778,2.776490845
lmer_pop,LS,Pasyukova,F,UM,UM25,34.36527778,2.776490845
lmer_pop,LS,Pasyukova,F,UM,UM26,34.58327778,2.776490845
lmer_pop,LS,Pasyukova,F,UM,UM28,30.66027778,2.776490845
lmer_pop,LS,Pasyukova,F,UM,UM29,37.10027778,2.776490845
lmer_pop,LS,Pasyukova,F,UM,UM4,32.88327778,2.776490845
lmer_pop,LS,Pasyukova,F,UM,UM5,42.99927778,2.776490845
lmer_pop,LS,Pasyukova,F,UM,UM6,37.90827778,2.776490845
lmer_pop,LS,Pasyukova,F,UM,UM7,39.67427778,2.776490845
lmer_pop,LS,Pasyukova,F,UM,UM9,44.01527778,2.776490845
lmer_pop,LS,Pasyukova,F,VA,VA1,45.027875,2.74390003
lmer_pop,LS,Pasyukova,F,VA,VA11,40.639875,2.74390003
lmer_pop,LS,Pasyukova,F,VA,VA15,45.341875,2.74390003
lmer_pop,LS,Pasyukova,F,VA,VA18,45.037875,2.74390003
lmer_pop,LS,Pasyukova,F,VA,VA22,44.714875,2.74390003
lmer_pop,LS,Pasyukova,F,VA,VA26,42.615875,2.74390003
lmer_pop,LS,Pasyukova,F,VA,VA30,38.597875,2.74390003
lmer_pop,LS,Pasyukova,F,VA,VA34,41.085875,2.74390003
lmer_pop,LS,Pasyukova,F,VA,VA35,41.826875,2.74390003
lmer_pop,LS,Pasyukova,F,VA,VA44,45.844875,2.74390003
lmer_pop,LS,Pasyukova,F,VA,VA46,40.496875,2.74390003
lmer_pop,LS,Pasyukova,F,VA,VA47,42.111875,2.74390003
lmer_pop,LS,Pasyukova,F,VA,VA48,48.456875,2.74390003
lmer_pop,LS,Pasyukova,F,VA,VA55,37.381875,2.74390003
lmer_pop,LS,Pasyukova,F,VA,VA57,38.644875,2.74390003
lmer_pop,LS,Pasyukova,F,VA,VA6,48.921875,2.74390003
lmer_pop,LS,Pasyukova,F,VA,VA66,53.946875,2.74390003
lmer_pop,LS,Pasyukova,F,VA,VA67,38.625875,2.74390003
lmer_pop,LS,Pasyukova,F,VA,VA71,51.172875,2.74390003
lmer_pop,LS,Pasyukova,F,VA,VA9,44.942875,2.74390003
lmer_pop,LS,Pasyukova,F,YE,YE11,31.90625,2.74390003
lmer_pop,LS,Pasyukova,F,YE,YE13,42.29725,2.74390003
lmer_pop,LS,Pasyukova,F,YE,YE14,41.47025,2.74390003
lmer_pop,LS,Pasyukova,F,YE,YE15,38.31725,2.74390003
lmer_pop,LS,Pasyukova,F,YE,YE19,40.34925,2.74390003
lmer_pop,LS,Pasyukova,F,YE,YE20,45.64925,2.74390003
lmer_pop,LS,Pasyukova,F,YE,YE21,41.04325,2.74390003
lmer_pop,LS,Pasyukova,F,YE,YE22,43.54125,2.74390003
lmer_pop,LS,Pasyukova,F,YE,YE23,44.10125,2.74390003
lmer_pop,LS,Pasyukova,F,YE,YE24,39.50425,2.74390003
lmer_pop,LS,Pasyukova,F,YE,YE26,40.99525,2.74390003
lmer_pop,LS,Pasyukova,F,YE,YE27,37.95625,2.74390003
lmer_pop,LS,Pasyukova,F,YE,YE33,38.69725,2.74390003
lmer_pop,LS,Pasyukova,F,YE,YE40,48.18625,2.74390003
lmer_pop,LS,Pasyukova,F,YE,YE41,41.66025,2.74390003
lmer_pop,LS,Pasyukova,F,YE,YE48,43.04725,2.74390003
lmer_pop,LS,Pasyukova,F,YE,YE49,44.29125,2.74390003
lmer_pop,LS,Pasyukova,F,YE,YE51,37.71825,2.74390003
lmer_pop,LS,Pasyukova,F,YE,YE69,40.25425,2.74390003
lmer_pop,LS,Pasyukova,F,YE,YE80,39.43825,2.74390003
lmer_pop,LS,Pasyukova,M,AK,AK1,49.14981818,3.058128441
lmer_pop,LS,Pasyukova,M,AK,AK10,41.43381818,3.058128441
lmer_pop,LS,Pasyukova,M,AK,AK11,45.20581818,3.058128441
lmer_pop,LS,Pasyukova,M,AK,AK12,50.50581818,3.058128441
lmer_pop,LS,Pasyukova,M,AK,AK13,47.18281818,3.058128441
lmer_pop,LS,Pasyukova,M,AK,AK14,55.73881818,3.058128441
lmer_pop,LS,Pasyukova,M,AK,AK15,47.96581818,3.058128441
lmer_pop,LS,Pasyukova,M,AK,AK16,60.50381818,3.058128441
lmer_pop,LS,Pasyukova,M,AK,AK17,44.06981818,3.058128441
lmer_pop,LS,Pasyukova,M,AK,AK18,56.54081818,3.058128441
lmer_pop,LS,Pasyukova,M,AK,AK19,41.40481818,3.058128441
lmer_pop,LS,Pasyukova,M,AK,AK2,55.80581818,3.058128441
lmer_pop,LS,Pasyukova,M,AK,AK20,45.59681818,3.058128441
lmer_pop,LS,Pasyukova,M,AK,AK21,51.04081818,3.058128441
lmer_pop,LS,Pasyukova,M,AK,AK24,53.78181818,3.058128441
lmer_pop,LS,Pasyukova,M,AK,AK3,56.98081818,3.058128441
lmer_pop,LS,Pasyukova,M,AK,AK4,51.45081818,3.058128441
lmer_pop,LS,Pasyukova,M,AK,AK5,52.74081818,3.058128441
lmer_pop,LS,Pasyukova,M,AK,AK6,49.32181818,3.058128441
lmer_pop,LS,Pasyukova,M,AK,AK7,50.92581818,3.058128441
lmer_pop,LS,Pasyukova,M,AK,AK8,50.83981818,3.058128441
lmer_pop,LS,Pasyukova,M,AK,AK9,48.01381818,3.058128441
lmer_pop,LS,Pasyukova,M,GI,GI1,40.66926923,3.264302133
lmer_pop,LS,Pasyukova,M,GI,GI10,51.33626923,3.264302133
lmer_pop,LS,Pasyukova,M,GI,GI11,46.46526923,3.264302133
lmer_pop,LS,Pasyukova,M,GI,GI13,58.12526923,3.264302133
lmer_pop,LS,Pasyukova,M,GI,GI14,46.29326923,3.264302133
lmer_pop,LS,Pasyukova,M,GI,GI2,46.84726923,3.264302133
lmer_pop,LS,Pasyukova,M,GI,GI3,51.80426923,3.264302133
lmer_pop,LS,Pasyukova,M,GI,GI4,36.80126923,3.264302133
lmer_pop,LS,Pasyukova,M,GI,GI5,35.77026923,3.264302133
lmer_pop,LS,Pasyukova,M,GI,GI6,50.05626923,3.264302133
lmer_pop,LS,Pasyukova,M,GI,GI7,45.44426923,3.264302133
lmer_pop,LS,Pasyukova,M,GI,GI8,49.94126923,3.264302133
lmer_pop,LS,Pasyukova,M,GI,GI9,58.83226923,3.264302133
lmer_pop,LS,Pasyukova,M,KA,KA1,54.048,3.08875956
lmer_pop,LS,Pasyukova,M,KA,KA10,64.142,3.08875956
lmer_pop,LS,Pasyukova,M,KA,KA11,53.609,3.08875956
lmer_pop,LS,Pasyukova,M,KA,KA13,50.42,3.08875956
lmer_pop,LS,Pasyukova,M,KA,KA14,54.86,3.08875956
lmer_pop,LS,Pasyukova,M,KA,KA15,54.612,3.08875956
lmer_pop,LS,Pasyukova,M,KA,KA16,47.755,3.08875956
lmer_pop,LS,Pasyukova,M,KA,KA17,54.201,3.08875956
lmer_pop,LS,Pasyukova,M,KA,KA18,49.579,3.08875956
lmer_pop,LS,Pasyukova,M,KA,KA2,58.537,3.08875956
lmer_pop,LS,Pasyukova,M,KA,KA23,50.219,3.08875956
lmer_pop,LS,Pasyukova,M,KA,KA24,53.724,3.08875956
lmer_pop,LS,Pasyukova,M,KA,KA25,46.628,3.08875956
lmer_pop,LS,Pasyukova,M,KA,KA28,52.826,3.08875956
lmer_pop,LS,Pasyukova,M,KA,KA29,48.385,3.08875956
lmer_pop,LS,Pasyukova,M,KA,KA3,55.089,3.08875956
lmer_pop,LS,Pasyukova,M,KA,KA5,47.049,3.08875956
lmer_pop,LS,Pasyukova,M,KA,KA6,54.134,3.08875956
lmer_pop,LS,Pasyukova,M,KA,KA7,60.8,3.08875956
lmer_pop,LS,Pasyukova,M,KA,KA9,55.681,3.08875956
lmer_pop,LS,Pasyukova,M,MA,MA12,44.689,3.08875956
lmer_pop,LS,Pasyukova,M,MA,MA13,53.971,3.08875956
lmer_pop,LS,Pasyukova,M,MA,MA16,57.801,3.08875956
lmer_pop,LS,Pasyukova,M,MA,MA18,55.184,3.08875956
lmer_pop,LS,Pasyukova,M,MA,MA19,60.169,3.08875956
lmer_pop,LS,Pasyukova,M,MA,MA20,45.444,3.08875956
lmer_pop,LS,Pasyukova,M,MA,MA21,49.531,3.08875956
lmer_pop,LS,Pasyukova,M,MA,MA23,49.54,3.08875956
lmer_pop,LS,Pasyukova,M,MA,MA26,39.446,3.08875956
lmer_pop,LS,Pasyukova,M,MA,MA27,38.912,3.08875956
lmer_pop,LS,Pasyukova,M,MA,MA28,52.081,3.08875956
lmer_pop,LS,Pasyukova,M,MA,MA3,41.576,3.08875956
lmer_pop,LS,Pasyukova,M,MA,MA30,49.435,3.08875956
lmer_pop,LS,Pasyukova,M,MA,MA31,37.689,3.08875956
lmer_pop,LS,Pasyukova,M,MA,MA32,52.52,3.08875956
lmer_pop,LS,Pasyukova,M,MA,MA33,39.322,3.08875956
lmer_pop,LS,Pasyukova,M,MA,MA5,43.018,3.08875956
lmer_pop,LS,Pasyukova,M,MA,MA6,38.845,3.08875956
lmer_pop,LS,Pasyukova,M,MA,MA7,49.015,3.08875956
lmer_pop,LS,Pasyukova,M,MA,MA9,49.111,3.08875956
lmer_pop,LS,Pasyukova,M,MU,MU1,50.02,3.08875956
lmer_pop,LS,Pasyukova,M,MU,MU10,55.798,3.08875956
lmer_pop,LS,Pasyukova,M,MU,MU11,52.074,3.08875956
lmer_pop,LS,Pasyukova,M,MU,MU12,49.686,3.08875956
lmer_pop,LS,Pasyukova,M,MU,MU13,44.873,3.08875956
lmer_pop,LS,Pasyukova,M,MU,MU14,51.348,3.08875956
lmer_pop,LS,Pasyukova,M,MU,MU15,57.297,3.08875956
lmer_pop,LS,Pasyukova,M,MU,MU16,51.577,3.08875956
lmer_pop,LS,Pasyukova,M,MU,MU17,45.866,3.08875956
lmer_pop,LS,Pasyukova,M,MU,MU18,54.633,3.08875956
lmer_pop,LS,Pasyukova,M,MU,MU19,48.139,3.08875956
lmer_pop,LS,Pasyukova,M,MU,MU2,55.55,3.08875956
lmer_pop,LS,Pasyukova,M,MU,MU20,41.75,3.08875956
lmer_pop,LS,Pasyukova,M,MU,MU3,50.23,3.08875956
lmer_pop,LS,Pasyukova,M,MU,MU4,48.206,3.08875956
lmer_pop,LS,Pasyukova,M,MU,MU5,49.037,3.08875956
lmer_pop,LS,Pasyukova,M,MU,MU6,55.273,3.08875956
lmer_pop,LS,Pasyukova,M,MU,MU7,44.243,3.08875956
lmer_pop,LS,Pasyukova,M,MU,MU8,51.376,3.08875956
lmer_pop,LS,Pasyukova,M,MU,MU9,51.224,3.08875956
lmer_pop,LS,Pasyukova,M,RE,RE1,42.2395,3.171470049
lmer_pop,LS,Pasyukova,M,RE,RE10,51.0535,3.171470049
lmer_pop,LS,Pasyukova,M,RE,RE11,56.8985,3.171470049
lmer_pop,LS,Pasyukova,M,RE,RE12,49.2875,3.171470049
lmer_pop,LS,Pasyukova,M,RE,RE13,48.5995,3.171470049
lmer_pop,LS,Pasyukova,M,RE,RE15,52.5335,3.171470049
lmer_pop,LS,Pasyukova,M,RE,RE16,46.2885,3.171470049
lmer_pop,LS,Pasyukova,M,RE,RE17,46.0875,3.171470049
lmer_pop,LS,Pasyukova,M,RE,RE18,43.1085,3.171470049
lmer_pop,LS,Pasyukova,M,RE,RE2,45.2095,3.171470049
lmer_pop,LS,Pasyukova,M,RE,RE3,43.7865,3.171470049
lmer_pop,LS,Pasyukova,M,RE,RE4,48.4845,3.171470049
lmer_pop,LS,Pasyukova,M,RE,RE5,54.8355,3.171470049
lmer_pop,LS,Pasyukova,M,RE,RE6,45.7535,3.171470049
lmer_pop,LS,Pasyukova,M,RE,RE7,51.7125,3.171470049
lmer_pop,LS,Pasyukova,M,RE,RE8,43.9205,3.171470049
lmer_pop,LS,Pasyukova,M,UM,UM13,48.23713889,3.125789984
lmer_pop,LS,Pasyukova,M,UM,UM17,41.25613889,3.125789984
lmer_pop,LS,Pasyukova,M,UM,UM18,44.14913889,3.125789984
lmer_pop,LS,Pasyukova,M,UM,UM2,43.59613889,3.125789984
lmer_pop,LS,Pasyukova,M,UM,UM20,43.21413889,3.125789984
lmer_pop,LS,Pasyukova,M,UM,UM21,46.82313889,3.125789984
lmer_pop,LS,Pasyukova,M,UM,UM22,42.22013889,3.125789984
lmer_pop,LS,Pasyukova,M,UM,UM23,44.76113889,3.125789984
lmer_pop,LS,Pasyukova,M,UM,UM24,44.51213889,3.125789984
lmer_pop,LS,Pasyukova,M,UM,UM25,39.06013889,3.125789984
lmer_pop,LS,Pasyukova,M,UM,UM26,38.79213889,3.125789984
lmer_pop,LS,Pasyukova,M,UM,UM28,36.93013889,3.125789984
lmer_pop,LS,Pasyukova,M,UM,UM29,42.49713889,3.125789984
lmer_pop,LS,Pasyukova,M,UM,UM4,44.62713889,3.125789984
lmer_pop,LS,Pasyukova,M,UM,UM5,46.00213889,3.125789984
lmer_pop,LS,Pasyukova,M,UM,UM6,43.39513889,3.125789984
lmer_pop,LS,Pasyukova,M,UM,UM7,45.98313889,3.125789984
lmer_pop,LS,Pasyukova,M,UM,UM9,45.50613889,3.125789984
lmer_pop,LS,Pasyukova,M,VA,VA1,53.33775,3.08875956
lmer_pop,LS,Pasyukova,M,VA,VA11,45.14375,3.08875956
lmer_pop,LS,Pasyukova,M,VA,VA15,54.07275,3.08875956
lmer_pop,LS,Pasyukova,M,VA,VA18,48.81075,3.08875956
lmer_pop,LS,Pasyukova,M,VA,VA22,44.65675,3.08875956
lmer_pop,LS,Pasyukova,M,VA,VA26,47.81775,3.08875956
lmer_pop,LS,Pasyukova,M,VA,VA30,45.07675,3.08875956
lmer_pop,LS,Pasyukova,M,VA,VA34,48.55275,3.08875956
lmer_pop,LS,Pasyukova,M,VA,VA35,48.64875,3.08875956
lmer_pop,LS,Pasyukova,M,VA,VA44,51.29375,3.08875956
lmer_pop,LS,Pasyukova,M,VA,VA46,44.29375,3.08875956
lmer_pop,LS,Pasyukova,M,VA,VA47,52.74575,3.08875956
lmer_pop,LS,Pasyukova,M,VA,VA48,52.71675,3.08875956
lmer_pop,LS,Pasyukova,M,VA,VA55,43.30075,3.08875956
lmer_pop,LS,Pasyukova,M,VA,VA57,41.07575,3.08875956
lmer_pop,LS,Pasyukova,M,VA,VA6,56.72775,3.08875956
lmer_pop,LS,Pasyukova,M,VA,VA66,58.29375,3.08875956
lmer_pop,LS,Pasyukova,M,VA,VA67,45.26775,3.08875956
lmer_pop,LS,Pasyukova,M,VA,VA71,55.59075,3.08875956
lmer_pop,LS,Pasyukova,M,VA,VA9,44.35075,3.08875956
lmer_pop,LS,Pasyukova,M,YE,YE11,34.84144855,3.08876184
lmer_pop,LS,Pasyukova,M,YE,YE13,45.71244855,3.089646695
lmer_pop,LS,Pasyukova,M,YE,YE14,51.00944855,3.08876184
lmer_pop,LS,Pasyukova,M,YE,YE15,42.25244855,3.08876184
lmer_pop,LS,Pasyukova,M,YE,YE19,41.80344855,3.08876184
lmer_pop,LS,Pasyukova,M,YE,YE20,45.35544855,3.08876184
lmer_pop,LS,Pasyukova,M,YE,YE21,43.16844855,3.08876184
lmer_pop,LS,Pasyukova,M,YE,YE22,46.87444855,3.08876184
lmer_pop,LS,Pasyukova,M,YE,YE23,42.69144855,3.08876184
lmer_pop,LS,Pasyukova,M,YE,YE24,40.43744855,3.08876184
lmer_pop,LS,Pasyukova,M,YE,YE26,42.99644855,3.08876184
lmer_pop,LS,Pasyukova,M,YE,YE27,44.24744855,3.08876184
lmer_pop,LS,Pasyukova,M,YE,YE33,43.91344855,3.08876184
lmer_pop,LS,Pasyukova,M,YE,YE40,47.85744855,3.08876184
lmer_pop,LS,Pasyukova,M,YE,YE41,48.12544855,3.08876184
lmer_pop,LS,Pasyukova,M,YE,YE48,40.47544855,3.08876184
lmer_pop,LS,Pasyukova,M,YE,YE49,49.29044855,3.08876184
lmer_pop,LS,Pasyukova,M,YE,YE51,42.75844855,3.08876184
lmer_pop,LS,Pasyukova,M,YE,YE69,45.30744855,3.08876184
lmer_pop,LS,Pasyukova,M,YE,YE80,46.51144855,3.08876184
lmer_pop,Pgm_Total,Abbott,F,AK,AK1,0.502197785,0.023857752
lmer_pop,Pgm_Total,Abbott,F,AK,AK10,0.414197785,0.023069294
lmer_pop,Pgm_Total,Abbott,F,AK,AK11,0.468197785,0.023857752
lmer_pop,Pgm_Total,Abbott,F,AK,AK12,0.562197785,0.024661556
lmer_pop,Pgm_Total,Abbott,F,AK,AK13,0.494197785,0.024661556
lmer_pop,Pgm_Total,Abbott,F,AK,AK14,0.480197785,0.024661556
lmer_pop,Pgm_Total,Abbott,F,AK,AK15,0.457197785,0.020104535
lmer_pop,Pgm_Total,Abbott,F,AK,AK16,0.513197785,0.024661556
lmer_pop,Pgm_Total,Abbott,F,AK,AK17,0.349197785,0.023857752
lmer_pop,Pgm_Total,Abbott,F,AK,AK18,0.401197785,0.024661556
lmer_pop,Pgm_Total,Abbott,F,AK,AK2,0.472197785,0.024661556
lmer_pop,Pgm_Total,Abbott,F,AK,AK20,0.535197785,0.023857752
lmer_pop,Pgm_Total,Abbott,F,AK,AK21,0.549197785,0.024661556
lmer_pop,Pgm_Total,Abbott,F,AK,AK3,0.542197785,0.024661556
lmer_pop,Pgm_Total,Abbott,F,AK,AK4,0.508197785,0.024661556
lmer_pop,Pgm_Total,Abbott,F,AK,AK5,0.491197785,0.024661556
lmer_pop,Pgm_Total,Abbott,F,AK,AK6,0.420197785,0.024661556
lmer_pop,Pgm_Total,Abbott,F,AK,AK7,0.412197785,0.024661556
lmer_pop,Pgm_Total,Abbott,F,AK,AK8,0.389197785,0.023857752
lmer_pop,Pgm_Total,Abbott,F,AK,AK9,0.442197785,0.023857752
lmer_pop,Pgm_Total,Abbott,F,GI,GI1,0.418971296,0.026450564
lmer_pop,Pgm_Total,Abbott,F,GI,GI10,0.425971296,0.025702769
lmer_pop,Pgm_Total,Abbott,F,GI,GI11,0.506971296,0.026450564
lmer_pop,Pgm_Total,Abbott,F,GI,GI12,0.445971296,0.026450564
lmer_pop,Pgm_Total,Abbott,F,GI,GI14,0.385971296,0.026450564
lmer_pop,Pgm_Total,Abbott,F,GI,GI15,0.522971296,0.026450564
lmer_pop,Pgm_Total,Abbott,F,GI,GI2,0.487971296,0.025702769
lmer_pop,Pgm_Total,Abbott,F,GI,GI3,0.370971296,0.026450564
lmer_pop,Pgm_Total,Abbott,F,GI,GI4,0.414971296,0.027993434
lmer_pop,Pgm_Total,Abbott,F,GI,GI5,0.523971296,0.026450564
lmer_pop,Pgm_Total,Abbott,F,GI,GI6,0.544971296,0.026450564
lmer_pop,Pgm_Total,Abbott,F,GI,GI7,0.511971296,0.026450564
lmer_pop,Pgm_Total,Abbott,F,GI,GI8,0.356971296,0.026450564
lmer_pop,Pgm_Total,Abbott,F,GI,GI9,0.421971296,0.026450564
lmer_pop,Pgm_Total,Abbott,F,KA,KA1,0.289975129,0.024911704
lmer_pop,Pgm_Total,Abbott,F,KA,KA10,0.506975129,0.024911704
lmer_pop,Pgm_Total,Abbott,F,KA,KA11,0.463975129,0.024911704
lmer_pop,Pgm_Total,Abbott,F,KA,KA13,0.428975129,0.024911704
lmer_pop,Pgm_Total,Abbott,F,KA,KA14,0.410975129,0.024911704
lmer_pop,Pgm_Total,Abbott,F,KA,KA15,0.409975129,0.024911704
lmer_pop,Pgm_Total,Abbott,F,KA,KA16,0.376975129,0.024911704
lmer_pop,Pgm_Total,Abbott,F,KA,KA17,0.376975129,0.024911704
lmer_pop,Pgm_Total,Abbott,F,KA,KA18,0.525975129,0.024911704
lmer_pop,Pgm_Total,Abbott,F,KA,KA2,0.439975129,0.024911704
lmer_pop,Pgm_Total,Abbott,F,KA,KA23,0.400975129,0.024911704
lmer_pop,Pgm_Total,Abbott,F,KA,KA24,0.367975129,0.024911704
lmer_pop,Pgm_Total,Abbott,F,KA,KA25,0.577975129,0.024911704
lmer_pop,Pgm_Total,Abbott,F,KA,KA29,0.374975129,0.02411624
lmer_pop,Pgm_Total,Abbott,F,KA,KA3,0.424975129,0.024911704
lmer_pop,Pgm_Total,Abbott,F,KA,KA5,0.388975129,0.024911704
lmer_pop,Pgm_Total,Abbott,F,KA,KA6,0.374975129,0.024911704
lmer_pop,Pgm_Total,Abbott,F,KA,KA7,0.583975129,0.024911704
lmer_pop,Pgm_Total,Abbott,F,KA,KA9,0.308975129,0.024911704
lmer_pop,Pgm_Total,Abbott,F,MA,MA12,0.601330095,0.025161154
lmer_pop,Pgm_Total,Abbott,F,MA,MA13,0.587330095,0.024373832
lmer_pop,Pgm_Total,Abbott,F,MA,MA18,0.515330095,0.024373832
lmer_pop,Pgm_Total,Abbott,F,MA,MA19,0.585330095,0.025161154
lmer_pop,Pgm_Total,Abbott,F,MA,MA20,0.608330095,0.025161154
lmer_pop,Pgm_Total,Abbott,F,MA,MA21,0.623330095,0.024373832
lmer_pop,Pgm_Total,Abbott,F,MA,MA23,0.588330095,0.024373832
lmer_pop,Pgm_Total,Abbott,F,MA,MA26,0.536330095,0.025161154
lmer_pop,Pgm_Total,Abbott,F,MA,MA27,0.613330095,0.024373832
lmer_pop,Pgm_Total,Abbott,F,MA,MA28,0.503330095,0.025161154
lmer_pop,Pgm_Total,Abbott,F,MA,MA30,0.591330095,0.025161154
lmer_pop,Pgm_Total,Abbott,F,MA,MA31,0.509330095,0.025161154
lmer_pop,Pgm_Total,Abbott,F,MA,MA32,0.596330095,0.024373832
lmer_pop,Pgm_Total,Abbott,F,MA,MA33,0.564330095,0.025161154
lmer_pop,Pgm_Total,Abbott,F,MA,MA5,0.637330095,0.025161154
lmer_pop,Pgm_Total,Abbott,F,MA,MA6,0.588330095,0.025161154
lmer_pop,Pgm_Total,Abbott,F,MA,MA7,0.539330095,0.024373832
lmer_pop,Pgm_Total,Abbott,F,MA,MA9,0.588330095,0.025161154
lmer_pop,Pgm_Total,Abbott,F,MU,MU1,0.523737381,0.025415982
lmer_pop,Pgm_Total,Abbott,F,MU,MU10,0.446737381,0.025415982
lmer_pop,Pgm_Total,Abbott,F,MU,MU11,0.424737381,0.025415982
lmer_pop,Pgm_Total,Abbott,F,MU,MU12,0.441737381,0.025415982
lmer_pop,Pgm_Total,Abbott,F,MU,MU13,0.503737381,0.025415982
lmer_pop,Pgm_Total,Abbott,F,MU,MU14,0.524737381,0.025415982
lmer_pop,Pgm_Total,Abbott,F,MU,MU16,0.382737381,0.025415982
lmer_pop,Pgm_Total,Abbott,F,MU,MU17,0.490737381,0.025415982
lmer_pop,Pgm_Total,Abbott,F,MU,MU18,0.519737381,0.02387409
lmer_pop,Pgm_Total,Abbott,F,MU,MU19,0.420737381,0.025415982
lmer_pop,Pgm_Total,Abbott,F,MU,MU2,0.487737381,0.025415982
lmer_pop,Pgm_Total,Abbott,F,MU,MU20,0.506737381,0.025415982
lmer_pop,Pgm_Total,Abbott,F,MU,MU3,0.382737381,0.024636805
lmer_pop,Pgm_Total,Abbott,F,MU,MU5,0.481737381,0.025415982
lmer_pop,Pgm_Total,Abbott,F,MU,MU6,0.522737381,0.024636805
lmer_pop,Pgm_Total,Abbott,F,MU,MU8,0.379737381,0.025415982
lmer_pop,Pgm_Total,Abbott,F,MU,MU9,0.459737381,0.025415982
lmer_pop,Pgm_Total,Abbott,F,RE,RE1,0.536872162,0.024963143
lmer_pop,Pgm_Total,Abbott,F,RE,RE10,0.512872162,0.02573244
lmer_pop,Pgm_Total,Abbott,F,RE,RE11,0.539872162,0.024963143
lmer_pop,Pgm_Total,Abbott,F,RE,RE12,0.562872162,0.02573244
lmer_pop,Pgm_Total,Abbott,F,RE,RE13,0.519872162,0.02573244
lmer_pop,Pgm_Total,Abbott,F,RE,RE15,0.448872162,0.02573244
lmer_pop,Pgm_Total,Abbott,F,RE,RE16,0.551872162,0.024963143
lmer_pop,Pgm_Total,Abbott,F,RE,RE17,0.540872162,0.02573244
lmer_pop,Pgm_Total,Abbott,F,RE,RE18,0.506872162,0.02573244
lmer_pop,Pgm_Total,Abbott,F,RE,RE2,0.616872162,0.024963143
lmer_pop,Pgm_Total,Abbott,F,RE,RE3,0.389872162,0.027315902
lmer_pop,Pgm_Total,Abbott,F,RE,RE4,0.497872162,0.02573244
lmer_pop,Pgm_Total,Abbott,F,RE,RE5,0.481872162,0.02573244
lmer_pop,Pgm_Total,Abbott,F,RE,RE6,0.508872162,0.02573244
lmer_pop,Pgm_Total,Abbott,F,RE,RE7,0.583872162,0.02573244
lmer_pop,Pgm_Total,Abbott,F,RE,RE8,0.533872162,0.02573244
lmer_pop,Pgm_Total,Abbott,F,UM,UM13,0.50982815,0.025148166
lmer_pop,Pgm_Total,Abbott,F,UM,UM17,0.52182815,0.025148166
lmer_pop,Pgm_Total,Abbott,F,UM,UM18,0.48982815,0.025148166
lmer_pop,Pgm_Total,Abbott,F,UM,UM2,0.46482815,0.024360424
lmer_pop,Pgm_Total,Abbott,F,UM,UM20,0.50782815,0.025148166
lmer_pop,Pgm_Total,Abbott,F,UM,UM21,0.53182815,0.025148166
lmer_pop,Pgm_Total,Abbott,F,UM,UM22,0.49682815,0.025148166
lmer_pop,Pgm_Total,Abbott,F,UM,UM23,0.54582815,0.025148166
lmer_pop,Pgm_Total,Abbott,F,UM,UM25,0.45982815,0.024360424
lmer_pop,Pgm_Total,Abbott,F,UM,UM26,0.48682815,0.025148166
lmer_pop,Pgm_Total,Abbott,F,UM,UM28,0.52282815,0.025148166
lmer_pop,Pgm_Total,Abbott,F,UM,UM29,0.41182815,0.024360424
lmer_pop,Pgm_Total,Abbott,F,UM,UM4,0.49882815,0.024360424
lmer_pop,Pgm_Total,Abbott,F,UM,UM5,0.50382815,0.025148166
lmer_pop,Pgm_Total,Abbott,F,UM,UM6,0.51082815,0.025148166
lmer_pop,Pgm_Total,Abbott,F,UM,UM7,0.62982815,0.025148166
lmer_pop,Pgm_Total,Abbott,F,UM,UM8,0.45582815,0.025148166
lmer_pop,Pgm_Total,Abbott,F,UM,UM9,0.55482815,0.025148166
lmer_pop,Pgm_Total,Abbott,F,VA,VA1,0.435082866,0.024890607
lmer_pop,Pgm_Total,Abbott,F,VA,VA11,0.308082866,0.024890607
lmer_pop,Pgm_Total,Abbott,F,VA,VA18,0.381082866,0.024890607
lmer_pop,Pgm_Total,Abbott,F,VA,VA22,0.542082866,0.024890607
lmer_pop,Pgm_Total,Abbott,F,VA,VA26,0.388082866,0.024094446
lmer_pop,Pgm_Total,Abbott,F,VA,VA30,0.433082866,0.024890607
lmer_pop,Pgm_Total,Abbott,F,VA,VA34,0.385082866,0.024094446
lmer_pop,Pgm_Total,Abbott,F,VA,VA35,0.349082866,0.024094446
lmer_pop,Pgm_Total,Abbott,F,VA,VA44,0.430082866,0.024890607
lmer_pop,Pgm_Total,Abbott,F,VA,VA46,0.459082866,0.024890607
lmer_pop,Pgm_Total,Abbott,F,VA,VA47,0.379082866,0.024094446
lmer_pop,Pgm_Total,Abbott,F,VA,VA48,0.409082866,0.024094446
lmer_pop,Pgm_Total,Abbott,F,VA,VA55,0.364082866,0.024094446
lmer_pop,Pgm_Total,Abbott,F,VA,VA57,0.481082866,0.024094446
lmer_pop,Pgm_Total,Abbott,F,VA,VA6,0.341082866,0.024890607
lmer_pop,Pgm_Total,Abbott,F,VA,VA66,0.388082866,0.024094446
lmer_pop,Pgm_Total,Abbott,F,VA,VA67,0.407082866,0.024094446
lmer_pop,Pgm_Total,Abbott,F,VA,VA71,0.406082866,0.024890607
lmer_pop,Pgm_Total,Abbott,F,VA,VA9,0.429082866,0.024094446
lmer_pop,Pgm_Total,Abbott,F,YE,YE11,0.409260234,0.024693077
lmer_pop,Pgm_Total,Abbott,F,YE,YE13,0.475260234,0.024693077
lmer_pop,Pgm_Total,Abbott,F,YE,YE14,0.347260234,0.024693077
lmer_pop,Pgm_Total,Abbott,F,YE,YE15,0.426260234,0.024693077
lmer_pop,Pgm_Total,Abbott,F,YE,YE19,0.464260234,0.024693077
lmer_pop,Pgm_Total,Abbott,F,YE,YE20,0.468260234,0.024693077
lmer_pop,Pgm_Total,Abbott,F,YE,YE21,0.596260234,0.024693077
lmer_pop,Pgm_Total,Abbott,F,YE,YE22,0.554260234,0.024693077
lmer_pop,Pgm_Total,Abbott,F,YE,YE23,0.567260234,0.024693077
lmer_pop,Pgm_Total,Abbott,F,YE,YE24,0.433260234,0.023890334
lmer_pop,Pgm_Total,Abbott,F,YE,YE26,0.413260234,0.024693077
lmer_pop,Pgm_Total,Abbott,F,YE,YE27,0.453260234,0.024693077
lmer_pop,Pgm_Total,Abbott,F,YE,YE33,0.419260234,0.024693077
lmer_pop,Pgm_Total,Abbott,F,YE,YE40,0.455260234,0.024693077
lmer_pop,Pgm_Total,Abbott,F,YE,YE41,0.440260234,0.024693077
lmer_pop,Pgm_Total,Abbott,F,YE,YE48,0.563260234,0.024693077
lmer_pop,Pgm_Total,Abbott,F,YE,YE49,0.477260234,0.024693077
lmer_pop,Pgm_Total,Abbott,F,YE,YE51,0.383260234,0.024693077
lmer_pop,Pgm_Total,Abbott,F,YE,YE69,0.448260234,0.024693077
lmer_pop,Pgm_Total,Abbott,F,YE,YE80,0.530260234,0.024693077
lmer_pop,SR,Pasyukova,F,AK,AK1,102.8004797,5.857958932
lmer_pop,SR,Pasyukova,F,AK,AK10,111.5684797,5.857958932
lmer_pop,SR,Pasyukova,F,AK,AK11,90.39647968,5.857958932
lmer_pop,SR,Pasyukova,F,AK,AK12,96.66147968,5.857958932
lmer_pop,SR,Pasyukova,F,AK,AK13,105.2954797,5.857958932
lmer_pop,SR,Pasyukova,F,AK,AK14,114.0164797,5.859186194
lmer_pop,SR,Pasyukova,F,AK,AK15,77.77847968,5.857958932
lmer_pop,SR,Pasyukova,F,AK,AK16,119.0454797,5.857958932
lmer_pop,SR,Pasyukova,F,AK,AK17,112.8124797,5.859186194
lmer_pop,SR,Pasyukova,F,AK,AK18,92.24147968,5.857958932
lmer_pop,SR,Pasyukova,F,AK,AK19,104.6064797,5.859186194
lmer_pop,SR,Pasyukova,F,AK,AK2,92.67747968,5.857958932
lmer_pop,SR,Pasyukova,F,AK,AK20,98.01647968,5.857958932
lmer_pop,SR,Pasyukova,F,AK,AK21,113.8414797,5.857958932
lmer_pop,SR,Pasyukova,F,AK,AK24,111.5934797,5.859186194
lmer_pop,SR,Pasyukova,F,AK,AK3,98.92147968,5.958723257
lmer_pop,SR,Pasyukova,F,AK,AK4,107.0774797,5.857958932
lmer_pop,SR,Pasyukova,F,AK,AK5,111.7434797,5.859186194
lmer_pop,SR,Pasyukova,F,AK,AK6,101.1684797,5.857958932
lmer_pop,SR,Pasyukova,F,AK,AK7,119.5774797,5.859186194
lmer_pop,SR,Pasyukova,F,AK,AK8,99.94047968,5.857958932
lmer_pop,SR,Pasyukova,F,AK,AK9,87.79047968,5.859186194
lmer_pop,SR,Pasyukova,F,GI,GI1,91.26821629,6.224822907
lmer_pop,SR,Pasyukova,F,GI,GI10,106.9922163,6.179131996
lmer_pop,SR,Pasyukova,F,GI,GI11,103.7042163,6.179131996
lmer_pop,SR,Pasyukova,F,GI,GI13,108.9322163,6.18029548
lmer_pop,SR,Pasyukova,F,GI,GI14,113.5472163,6.181459393
lmer_pop,SR,Pasyukova,F,GI,GI2,101.8512163,6.179131996
lmer_pop,SR,Pasyukova,F,GI,GI3,100.3542163,6.179131996
lmer_pop,SR,Pasyukova,F,GI,GI4,125.5072163,6.179131996
lmer_pop,SR,Pasyukova,F,GI,GI5,110.8572163,6.18029548
lmer_pop,SR,Pasyukova,F,GI,GI6,107.8552163,6.179131996
lmer_pop,SR,Pasyukova,F,GI,GI7,104.5602163,6.179131996
lmer_pop,SR,Pasyukova,F,GI,GI8,105.5662163,6.179131996
lmer_pop,SR,Pasyukova,F,GI,GI9,126.4532163,6.179131996
lmer_pop,SR,Pasyukova,F,KA,KA1,105.7930202,5.899870559
lmer_pop,SR,Pasyukova,F,KA,KA10,116.1020202,5.899870559
lmer_pop,SR,Pasyukova,F,KA,KA11,112.9850202,5.899870559
lmer_pop,SR,Pasyukova,F,KA,KA13,91.59902019,5.899870559
lmer_pop,SR,Pasyukova,F,KA,KA14,99.72602019,5.899870559
lmer_pop,SR,Pasyukova,F,KA,KA15,94.79502019,5.899870559
lmer_pop,SR,Pasyukova,F,KA,KA16,102.0780202,5.899870559
lmer_pop,SR,Pasyukova,F,KA,KA17,97.73002019,5.899870559
lmer_pop,SR,Pasyukova,F,KA,KA18,92.34702019,5.948324606
lmer_pop,SR,Pasyukova,F,KA,KA2,119.1950202,5.899870559
lmer_pop,SR,Pasyukova,F,KA,KA23,101.3970202,5.901089104
lmer_pop,SR,Pasyukova,F,KA,KA24,104.2960202,5.899870559
lmer_pop,SR,Pasyukova,F,KA,KA25,104.3290202,6.000557109
lmer_pop,SR,Pasyukova,F,KA,KA28,110.3480202,5.899870559
lmer_pop,SR,Pasyukova,F,KA,KA29,109.5630202,5.899870559
lmer_pop,SR,Pasyukova,F,KA,KA3,108.4230202,5.899870559
lmer_pop,SR,Pasyukova,F,KA,KA5,107.6190202,5.899870559
lmer_pop,SR,Pasyukova,F,KA,KA6,103.1280202,5.899870559
lmer_pop,SR,Pasyukova,F,KA,KA7,106.6210202,5.899870559
lmer_pop,SR,Pasyukova,F,KA,KA9,114.2050202,5.899870559
lmer_pop,SR,Pasyukova,F,MA,MA12,113.4981895,5.906570998
lmer_pop,SR,Pasyukova,F,MA,MA13,113.4271895,5.906570998
lmer_pop,SR,Pasyukova,F,MA,MA16,100.1681895,5.906570998
lmer_pop,SR,Pasyukova,F,MA,MA18,116.0731895,5.906570998
lmer_pop,SR,Pasyukova,F,MA,MA19,88.61918954,5.906570998
lmer_pop,SR,Pasyukova,F,MA,MA20,94.27518954,5.907788161
lmer_pop,SR,Pasyukova,F,MA,MA21,92.26318954,5.906570998
lmer_pop,SR,Pasyukova,F,MA,MA23,92.82518954,5.906570998
lmer_pop,SR,Pasyukova,F,MA,MA26,97.03918954,5.906570998
lmer_pop,SR,Pasyukova,F,MA,MA27,94.32218954,5.906570998
lmer_pop,SR,Pasyukova,F,MA,MA28,116.3661895,5.906570998
lmer_pop,SR,Pasyukova,F,MA,MA3,89.68818954,5.906570998
lmer_pop,SR,Pasyukova,F,MA,MA30,99.38318954,5.906570998
lmer_pop,SR,Pasyukova,F,MA,MA31,100.4531895,5.906570998
lmer_pop,SR,Pasyukova,F,MA,MA32,118.2751895,5.906570998
lmer_pop,SR,Pasyukova,F,MA,MA33,100.8811895,5.906570998
lmer_pop,SR,Pasyukova,F,MA,MA5,99.74018954,5.906570998
lmer_pop,SR,Pasyukova,F,MA,MA6,103.5891895,5.906570998
lmer_pop,SR,Pasyukova,F,MA,MA7,94.54418954,5.906570998
lmer_pop,SR,Pasyukova,F,MA,MA9,100.9521895,5.906570998
lmer_pop,SR,Pasyukova,F,MU,MU1,96.43203291,5.907131999
lmer_pop,SR,Pasyukova,F,MU,MU10,88.82403291,5.907131999
lmer_pop,SR,Pasyukova,F,MU,MU11,109.4310329,5.90956652
lmer_pop,SR,Pasyukova,F,MU,MU12,120.6900329,5.907131999
lmer_pop,SR,Pasyukova,F,MU,MU13,89.41103291,5.907131999
lmer_pop,SR,Pasyukova,F,MU,MU14,96.88003291,5.907131999
lmer_pop,SR,Pasyukova,F,MU,MU15,124.0920329,5.907131999
lmer_pop,SR,Pasyukova,F,MU,MU16,102.5260329,6.007071538
lmer_pop,SR,Pasyukova,F,MU,MU17,117.5340329,5.907131999
lmer_pop,SR,Pasyukova,F,MU,MU18,108.4050329,5.90956652
lmer_pop,SR,Pasyukova,F,MU,MU19,122.7570329,5.907131999
lmer_pop,SR,Pasyukova,F,MU,MU2,110.4050329,5.907131999
lmer_pop,SR,Pasyukova,F,MU,MU20,122.6630329,5.90956652
lmer_pop,SR,Pasyukova,F,MU,MU3,98.17903291,5.907131999
lmer_pop,SR,Pasyukova,F,MU,MU4,104.0600329,5.907131999
lmer_pop,SR,Pasyukova,F,MU,MU5,106.7970329,5.907131999
lmer_pop,SR,Pasyukova,F,MU,MU6,93.58103291,5.907131999
lmer_pop,SR,Pasyukova,F,MU,MU7,85.36303291,5.908349047
lmer_pop,SR,Pasyukova,F,MU,MU8,114.1310329,5.907131999
lmer_pop,SR,Pasyukova,F,MU,MU9,104.2380329,5.907131999
lmer_pop,SR,Pasyukova,F,RE,RE1,89.94552293,6.05272422
lmer_pop,SR,Pasyukova,F,RE,RE10,100.2815229,6.039606815
lmer_pop,SR,Pasyukova,F,RE,RE11,95.43452293,6.039606815
lmer_pop,SR,Pasyukova,F,RE,RE12,116.7495229,6.039606815
lmer_pop,SR,Pasyukova,F,RE,RE13,112.4565229,6.039606815
lmer_pop,SR,Pasyukova,F,RE,RE15,86.53952293,6.040797173
lmer_pop,SR,Pasyukova,F,RE,RE16,121.8435229,6.039606815
lmer_pop,SR,Pasyukova,F,RE,RE17,114.8165229,6.039606815
lmer_pop,SR,Pasyukova,F,RE,RE18,105.6205229,6.039606815
lmer_pop,SR,Pasyukova,F,RE,RE2,102.5635229,6.039606815
lmer_pop,SR,Pasyukova,F,RE,RE3,101.0505229,6.039606815
lmer_pop,SR,Pasyukova,F,RE,RE4,94.18652293,6.044966789
lmer_pop,SR,Pasyukova,F,RE,RE5,95.68352293,6.039606815
lmer_pop,SR,Pasyukova,F,RE,RE6,95.93352293,6.039606815
lmer_pop,SR,Pasyukova,F,RE,RE7,128.1395229,6.039606815
lmer_pop,SR,Pasyukova,F,RE,RE8,95.21252293,6.039606815
lmer_pop,SR,Pasyukova,F,UM,UM13,106.3475231,5.969270314
lmer_pop,SR,Pasyukova,F,UM,UM17,118.0065231,5.966860153
lmer_pop,SR,Pasyukova,F,UM,UM18,100.3265231,5.966860153
lmer_pop,SR,Pasyukova,F,UM,UM2,81.13452306,5.966860153
lmer_pop,SR,Pasyukova,F,UM,UM20,111.4475231,5.966860153
lmer_pop,SR,Pasyukova,F,UM,UM21,86.86152306,5.96806502
lmer_pop,SR,Pasyukova,F,UM,UM22,79.78752306,5.966860153
lmer_pop,SR,Pasyukova,F,UM,UM23,119.5115231,5.96806502
lmer_pop,SR,Pasyukova,F,UM,UM24,103.3045231,5.966860153
lmer_pop,SR,Pasyukova,F,UM,UM25,120.4265231,6.184626835
lmer_pop,SR,Pasyukova,F,UM,UM26,113.0875231,5.966860153
lmer_pop,SR,Pasyukova,F,UM,UM28,82.93252306,5.966860153
lmer_pop,SR,Pasyukova,F,UM,UM29,100.0965231,5.966860153
lmer_pop,SR,Pasyukova,F,UM,UM4,102.4465231,5.967462533
lmer_pop,SR,Pasyukova,F,UM,UM5,109.3255231,5.96806502
lmer_pop,SR,Pasyukova,F,UM,UM6,103.3285231,5.96806502
lmer_pop,SR,Pasyukova,F,UM,UM7,113.2935231,5.966860153
lmer_pop,SR,Pasyukova,F,UM,UM9,119.2815231,5.966860153
lmer_pop,SR,Pasyukova,F,VA,VA1,98.5495896,5.906747086
lmer_pop,SR,Pasyukova,F,VA,VA11,120.2095896,5.909790702
lmer_pop,SR,Pasyukova,F,VA,VA15,113.6625896,5.906747086
lmer_pop,SR,Pasyukova,F,VA,VA18,107.5325896,5.906747086
lmer_pop,SR,Pasyukova,F,VA,VA22,106.6765896,5.906747086
lmer_pop,SR,Pasyukova,F,VA,VA26,109.4565896,5.906747086
lmer_pop,SR,Pasyukova,F,VA,VA30,112.8075896,5.906747086
lmer_pop,SR,Pasyukova,F,VA,VA34,108.2025896,5.909181766
lmer_pop,SR,Pasyukova,F,VA,VA35,110.4545896,5.906747086
lmer_pop,SR,Pasyukova,F,VA,VA44,116.5225896,5.906747086
lmer_pop,SR,Pasyukova,F,VA,VA46,111.4525896,5.906747086
lmer_pop,SR,Pasyukova,F,VA,VA47,115.5045896,5.906747086
lmer_pop,SR,Pasyukova,F,VA,VA48,116.3715896,5.906747086
lmer_pop,SR,Pasyukova,F,VA,VA55,119.0805896,5.906747086
lmer_pop,SR,Pasyukova,F,VA,VA57,115.8885896,5.906747086
lmer_pop,SR,Pasyukova,F,VA,VA6,109.6865896,5.934235093
lmer_pop,SR,Pasyukova,F,VA,VA66,112.6645896,5.906747086
lmer_pop,SR,Pasyukova,F,VA,VA67,105.7655896,5.906747086
lmer_pop,SR,Pasyukova,F,VA,VA71,97.3375896,5.906747086
lmer_pop,SR,Pasyukova,F,VA,VA9,105.8215896,5.906747086
lmer_pop,SR,Pasyukova,F,YE,YE11,80.48070532,5.904360313
lmer_pop,SR,Pasyukova,F,YE,YE13,96.22270532,6.003228357
lmer_pop,SR,Pasyukova,F,YE,YE14,76.09970532,5.901313896
lmer_pop,SR,Pasyukova,F,YE,YE15,86.04070532,5.902532143
lmer_pop,SR,Pasyukova,F,YE,YE19,94.55970532,5.901922966
lmer_pop,SR,Pasyukova,F,YE,YE20,84.93970532,5.901313896
lmer_pop,SR,Pasyukova,F,YE,YE21,93.54570532,5.901313896
lmer_pop,SR,Pasyukova,F,YE,YE22,82.26570532,6.001976233
lmer_pop,SR,Pasyukova,F,YE,YE23,76.88470532,5.955316423
lmer_pop,SR,Pasyukova,F,YE,YE24,92.56370532,5.901922966
lmer_pop,SR,Pasyukova,F,YE,YE26,80.96170532,6.003228357
lmer_pop,SR,Pasyukova,F,YE,YE27,82.21070532,5.901313896
lmer_pop,SR,Pasyukova,F,YE,YE33,100.9997053,5.94297179
lmer_pop,SR,Pasyukova,F,YE,YE40,98.20770532,5.904360313
lmer_pop,SR,Pasyukova,F,YE,YE41,77.45870532,5.903750816
lmer_pop,SR,Pasyukova,F,YE,YE48,94.38970532,5.902532143
lmer_pop,SR,Pasyukova,F,YE,YE49,89.64970532,6.009495046
lmer_pop,SR,Pasyukova,F,YE,YE51,95.34770532,5.901313896
lmer_pop,SR,Pasyukova,F,YE,YE69,95.21670532,5.90740939
lmer_pop,SR,Pasyukova,F,YE,YE80,91.48670532,5.90740939
lmer_pop,SR,Pasyukova,M,AK,AK1,67.59118549,3.536144779
lmer_pop,SR,Pasyukova,M,AK,AK10,67.38718549,3.536144779
lmer_pop,SR,Pasyukova,M,AK,AK11,63.56518549,3.536144779
lmer_pop,SR,Pasyukova,M,AK,AK12,64.85918549,3.536144779
lmer_pop,SR,Pasyukova,M,AK,AK13,72.26418549,3.536144779
lmer_pop,SR,Pasyukova,M,AK,AK14,80.54418549,3.537615566
lmer_pop,SR,Pasyukova,M,AK,AK15,52.36018549,3.536144779
lmer_pop,SR,Pasyukova,M,AK,AK16,70.68318549,3.536144779
lmer_pop,SR,Pasyukova,M,AK,AK17,77.47618549,3.538351155
lmer_pop,SR,Pasyukova,M,AK,AK18,65.01418549,3.536144779
lmer_pop,SR,Pasyukova,M,AK,AK19,60.77118549,3.537615566
lmer_pop,SR,Pasyukova,M,AK,AK2,62.63018549,3.536144779
lmer_pop,SR,Pasyukova,M,AK,AK20,60.47318549,3.536144779
lmer_pop,SR,Pasyukova,M,AK,AK21,70.47918549,3.536144779
lmer_pop,SR,Pasyukova,M,AK,AK24,78.68618549,3.537615566
lmer_pop,SR,Pasyukova,M,AK,AK3,69.00418549,3.461116712
lmer_pop,SR,Pasyukova,M,AK,AK4,69.11318549,3.536144779
lmer_pop,SR,Pasyukova,M,AK,AK5,73.59318549,3.538351155
lmer_pop,SR,Pasyukova,M,AK,AK6,66.96718549,3.536880108
lmer_pop,SR,Pasyukova,M,AK,AK7,81.98218549,3.537615566
lmer_pop,SR,Pasyukova,M,AK,AK8,71.18618549,3.536144779
lmer_pop,SR,Pasyukova,M,AK,AK9,58.48218549,3.537615566
lmer_pop,SR,Pasyukova,M,GI,GI1,56.76337639,3.839809918
lmer_pop,SR,Pasyukova,M,GI,GI10,69.11837639,3.839132611
lmer_pop,SR,Pasyukova,M,GI,GI11,60.26337639,3.839132611
lmer_pop,SR,Pasyukova,M,GI,GI13,65.82337639,3.839809918
lmer_pop,SR,Pasyukova,M,GI,GI14,65.87737639,3.839132611
lmer_pop,SR,Pasyukova,M,GI,GI2,68.81937639,3.839132611
lmer_pop,SR,Pasyukova,M,GI,GI3,67.74037639,3.839132611
lmer_pop,SR,Pasyukova,M,GI,GI4,64.74437639,3.839809918
lmer_pop,SR,Pasyukova,M,GI,GI5,76.75137639,3.839809918
lmer_pop,SR,Pasyukova,M,GI,GI6,71.85037639,3.839132611
lmer_pop,SR,Pasyukova,M,GI,GI7,71.34137639,3.839132611
lmer_pop,SR,Pasyukova,M,GI,GI8,74.22337639,3.839132611
lmer_pop,SR,Pasyukova,M,GI,GI9,76.82337639,3.839809918
lmer_pop,SR,Pasyukova,M,KA,KA1,71.47211525,3.579915959
lmer_pop,SR,Pasyukova,M,KA,KA10,79.65111525,3.579189472
lmer_pop,SR,Pasyukova,M,KA,KA11,79.28611525,3.579189472
lmer_pop,SR,Pasyukova,M,KA,KA13,64.98411525,3.579189472
lmer_pop,SR,Pasyukova,M,KA,KA14,69.79511525,3.579189472
lmer_pop,SR,Pasyukova,M,KA,KA15,66.73811525,3.581369329
lmer_pop,SR,Pasyukova,M,KA,KA16,77.12911525,3.579189472
lmer_pop,SR,Pasyukova,M,KA,KA17,67.55711525,3.666545823
lmer_pop,SR,Pasyukova,M,KA,KA18,62.86311525,3.594473296
lmer_pop,SR,Pasyukova,M,KA,KA2,77.77611525,3.579189472
lmer_pop,SR,Pasyukova,M,KA,KA23,58.94911525,3.580642578
lmer_pop,SR,Pasyukova,M,KA,KA24,72.18011525,3.579189472
lmer_pop,SR,Pasyukova,M,KA,KA25,63.84511525,3.579189472
lmer_pop,SR,Pasyukova,M,KA,KA28,79.80011525,3.580642578
lmer_pop,SR,Pasyukova,M,KA,KA29,86.47611525,3.579189472
lmer_pop,SR,Pasyukova,M,KA,KA3,79.14211525,3.579189472
lmer_pop,SR,Pasyukova,M,KA,KA5,72.09611525,3.579189472
lmer_pop,SR,Pasyukova,M,KA,KA6,70.23211525,3.579189472
lmer_pop,SR,Pasyukova,M,KA,KA7,75.76811525,3.579189472
lmer_pop,SR,Pasyukova,M,KA,KA9,72.89911525,3.579189472
lmer_pop,SR,Pasyukova,M,MA,MA12,75.37655134,3.581418691
lmer_pop,SR,Pasyukova,M,MA,MA13,80.05055134,3.581418691
lmer_pop,SR,Pasyukova,M,MA,MA16,69.55355134,3.581418691
lmer_pop,SR,Pasyukova,M,MA,MA18,77.11455134,3.581418691
lmer_pop,SR,Pasyukova,M,MA,MA19,65.89155134,3.581418691
lmer_pop,SR,Pasyukova,M,MA,MA20,59.23455134,3.582870894
lmer_pop,SR,Pasyukova,M,MA,MA21,68.41455134,3.581418691
lmer_pop,SR,Pasyukova,M,MA,MA23,70.70355134,3.581418691
lmer_pop,SR,Pasyukova,M,MA,MA26,60.72155134,3.581418691
lmer_pop,SR,Pasyukova,M,MA,MA27,69.19355134,3.581418691
lmer_pop,SR,Pasyukova,M,MA,MA28,66.18555134,3.581418691
lmer_pop,SR,Pasyukova,M,MA,MA3,57.04255134,3.581418691
lmer_pop,SR,Pasyukova,M,MA,MA30,73.07655134,3.581418691
lmer_pop,SR,Pasyukova,M,MA,MA31,70.34355134,3.581418691
lmer_pop,SR,Pasyukova,M,MA,MA32,79.40355134,3.581418691
lmer_pop,SR,Pasyukova,M,MA,MA33,74.44255134,3.581418691
lmer_pop,SR,Pasyukova,M,MA,MA5,67.82755134,3.581418691
lmer_pop,SR,Pasyukova,M,MA,MA6,68.61855134,3.581418691
lmer_pop,SR,Pasyukova,M,MA,MA7,65.55055134,3.582144726
lmer_pop,SR,Pasyukova,M,MA,MA9,67.82755134,3.581418691
lmer_pop,SR,Pasyukova,M,MU,MU1,74.9649234,3.582325667
lmer_pop,SR,Pasyukova,M,MU,MU10,67.4929234,3.583777502
lmer_pop,SR,Pasyukova,M,MU,MU11,72.7599234,3.583051518
lmer_pop,SR,Pasyukova,M,MU,MU12,78.9139234,3.582325667
lmer_pop,SR,Pasyukova,M,MU,MU13,60.5969234,3.582325667
lmer_pop,SR,Pasyukova,M,MU,MU14,72.2379234,3.583777502
lmer_pop,SR,Pasyukova,M,MU,MU15,89.2919234,3.585229865
lmer_pop,SR,Pasyukova,M,MU,MU16,77.0449234,3.582325667
lmer_pop,SR,Pasyukova,M,MU,MU17,79.7139234,3.585956244
lmer_pop,SR,Pasyukova,M,MU,MU18,77.5709234,3.583777502
lmer_pop,SR,Pasyukova,M,MU,MU19,79.9319234,3.582325667
lmer_pop,SR,Pasyukova,M,MU,MU2,73.6049234,3.583777502
lmer_pop,SR,Pasyukova,M,MU,MU20,78.2299234,3.584503617
lmer_pop,SR,Pasyukova,M,MU,MU3,73.2399234,3.582325667
lmer_pop,SR,Pasyukova,M,MU,MU4,71.2979234,3.582325667
lmer_pop,SR,Pasyukova,M,MU,MU5,67.7699234,3.582325667
lmer_pop,SR,Pasyukova,M,MU,MU6,75.1809234,3.582325667
lmer_pop,SR,Pasyukova,M,MU,MU7,67.0619234,3.583777502
lmer_pop,SR,Pasyukova,M,MU,MU8,87.3979234,3.582325667
lmer_pop,SR,Pasyukova,M,MU,MU9,78.6559234,3.583051518
lmer_pop,SR,Pasyukova,M,RE,RE1,61.64870589,3.696004669
lmer_pop,SR,Pasyukova,M,RE,RE10,64.15470589,3.694596394
lmer_pop,SR,Pasyukova,M,RE,RE11,68.58870589,3.693892461
lmer_pop,SR,Pasyukova,M,RE,RE12,80.55870589,3.695300464
lmer_pop,SR,Pasyukova,M,RE,RE13,75.79570589,3.693892461
lmer_pop,SR,Pasyukova,M,RE,RE15,62.05670589,3.695300464
lmer_pop,SR,Pasyukova,M,RE,RE16,79.88870589,3.693892461
lmer_pop,SR,Pasyukova,M,RE,RE17,66.58670589,3.693892461
lmer_pop,SR,Pasyukova,M,RE,RE18,61.19470589,3.693892461
lmer_pop,SR,Pasyukova,M,RE,RE2,70.84070589,3.694596394
lmer_pop,SR,Pasyukova,M,RE,RE3,70.38570589,3.693892461
lmer_pop,SR,Pasyukova,M,RE,RE4,65.42470589,3.693892461
lmer_pop,SR,Pasyukova,M,RE,RE5,62.33370589,3.693892461
lmer_pop,SR,Pasyukova,M,RE,RE6,60.77970589,3.854843384
lmer_pop,SR,Pasyukova,M,RE,RE7,89.36770589,3.693892461
lmer_pop,SR,Pasyukova,M,RE,RE8,64.93370589,3.693892461
lmer_pop,SR,Pasyukova,M,UM,UM13,76.53328866,3.723842475
lmer_pop,SR,Pasyukova,M,UM,UM17,62.84328866,3.636366562
lmer_pop,SR,Pasyukova,M,UM,UM18,67.97128866,3.637081629
lmer_pop,SR,Pasyukova,M,UM,UM2,60.62628866,3.636366562
lmer_pop,SR,Pasyukova,M,UM,UM20,70.89628866,3.636366562
lmer_pop,SR,Pasyukova,M,UM,UM21,58.13328866,3.63779683
lmer_pop,SR,Pasyukova,M,UM,UM22,59.69128866,3.636366562
lmer_pop,SR,Pasyukova,M,UM,UM23,78.12128866,3.63779683
lmer_pop,SR,Pasyukova,M,UM,UM24,67.37328866,3.636366562
lmer_pop,SR,Pasyukova,M,UM,UM25,91.62628866,3.637081629
lmer_pop,SR,Pasyukova,M,UM,UM26,77.88228866,3.636366562
lmer_pop,SR,Pasyukova,M,UM,UM28,63.66928866,3.63779683
lmer_pop,SR,Pasyukova,M,UM,UM29,72.98128866,3.636366562
lmer_pop,SR,Pasyukova,M,UM,UM4,82.71128866,3.637081629
lmer_pop,SR,Pasyukova,M,UM,UM5,71.70928866,3.63779683
lmer_pop,SR,Pasyukova,M,UM,UM6,76.07328866,3.636366562
lmer_pop,SR,Pasyukova,M,UM,UM7,72.76528866,3.636366562
lmer_pop,SR,Pasyukova,M,UM,UM9,83.33428866,3.636366562
lmer_pop,SR,Pasyukova,M,VA,VA1,68.79896338,3.58175746
lmer_pop,SR,Pasyukova,M,VA,VA11,88.42696338,3.58175746
lmer_pop,SR,Pasyukova,M,VA,VA15,84.83196338,3.58175746
lmer_pop,SR,Pasyukova,M,VA,VA18,63.26196338,3.58175746
lmer_pop,SR,Pasyukova,M,VA,VA22,76.20396338,3.58175746
lmer_pop,SR,Pasyukova,M,VA,VA26,73.97596338,3.58175746
lmer_pop,SR,Pasyukova,M,VA,VA30,100.2909634,3.58175746
lmer_pop,SR,Pasyukova,M,VA,VA34,78.07396338,3.58175746
lmer_pop,SR,Pasyukova,M,VA,VA35,71.38696338,3.58175746
lmer_pop,SR,Pasyukova,M,VA,VA44,82.80196338,3.669793796
lmer_pop,SR,Pasyukova,M,VA,VA46,73.90396338,3.58175746
lmer_pop,SR,Pasyukova,M,VA,VA47,77.95296338,3.582483427
lmer_pop,SR,Pasyukova,M,VA,VA48,70.95596338,3.58175746
lmer_pop,SR,Pasyukova,M,VA,VA55,83.90896338,3.58175746
lmer_pop,SR,Pasyukova,M,VA,VA57,64.14896338,3.582483427
lmer_pop,SR,Pasyukova,M,VA,VA6,77.64196338,3.58175746
lmer_pop,SR,Pasyukova,M,VA,VA66,80.80596338,3.58175746
lmer_pop,SR,Pasyukova,M,VA,VA67,62.78296338,3.582483427
lmer_pop,SR,Pasyukova,M,VA,VA71,61.39296338,3.58175746
lmer_pop,SR,Pasyukova,M,VA,VA9,65.85096338,3.58175746
lmer_pop,SR,Pasyukova,M,YE,YE11,50.12532219,3.654822856
lmer_pop,SR,Pasyukova,M,YE,YE13,66.37632219,3.576174647
lmer_pop,SR,Pasyukova,M,YE,YE14,52.99132219,3.573263089
lmer_pop,SR,Pasyukova,M,YE,YE15,49.92232219,3.574718605
lmer_pop,SR,Pasyukova,M,YE,YE19,57.06932219,3.576902865
lmer_pop,SR,Pasyukova,M,YE,YE20,55.86732219,3.573263089
lmer_pop,SR,Pasyukova,M,YE,YE21,51.73132219,3.57544656
lmer_pop,SR,Pasyukova,M,YE,YE22,55.44632219,3.574718605
lmer_pop,SR,Pasyukova,M,YE,YE23,48.22532219,3.612010258
lmer_pop,SR,Pasyukova,M,YE,YE24,67.25532219,3.660760864
lmer_pop,SR,Pasyukova,M,YE,YE26,61.86932219,3.57544656
lmer_pop,SR,Pasyukova,M,YE,YE27,59.10832219,3.573263089
lmer_pop,SR,Pasyukova,M,YE,YE33,66.23132219,3.574718605
lmer_pop,SR,Pasyukova,M,YE,YE40,60.97132219,3.573263089
lmer_pop,SR,Pasyukova,M,YE,YE41,55.11632219,3.57544656
lmer_pop,SR,Pasyukova,M,YE,YE48,62.34932219,3.574718605
lmer_pop,SR,Pasyukova,M,YE,YE49,54.29632219,3.574718605
lmer_pop,SR,Pasyukova,M,YE,YE51,58.03532219,3.573263089
lmer_pop,SR,Pasyukova,M,YE,YE69,66.60632219,3.579817049
lmer_pop,SR,Pasyukova,M,YE,YE80,68.95232219,3.573263089
lmer_pop,TL,Schmidt,F,AK,AK1,987.43355,11.22493077
lmer_pop,TL,Schmidt,F,AK,AK10,1007.98555,11.22493077
lmer_pop,TL,Schmidt,F,AK,AK11,998.84055,11.22493077
lmer_pop,TL,Schmidt,F,AK,AK12,997.48355,11.22493077
lmer_pop,TL,Schmidt,F,AK,AK13,1022.39755,11.22493077
lmer_pop,TL,Schmidt,F,AK,AK14,979.09055,11.22493077
lmer_pop,TL,Schmidt,F,AK,AK15,1003.90455,11.22493077
lmer_pop,TL,Schmidt,F,AK,AK16,994.11755,11.22493077
lmer_pop,TL,Schmidt,F,AK,AK17,1023.93355,11.22493077
lmer_pop,TL,Schmidt,F,AK,AK18,973.13955,11.22493077
lmer_pop,TL,Schmidt,F,AK,AK2,1011.86855,11.22493077
lmer_pop,TL,Schmidt,F,AK,AK20,974.13355,11.22493077
lmer_pop,TL,Schmidt,F,AK,AK21,998.19655,11.22493077
lmer_pop,TL,Schmidt,F,AK,AK3,977.44755,11.22493077
lmer_pop,TL,Schmidt,F,AK,AK4,1015.70655,11.22493077
lmer_pop,TL,Schmidt,F,AK,AK5,971.62155,11.22493077
lmer_pop,TL,Schmidt,F,AK,AK6,988.80755,11.22493077
lmer_pop,TL,Schmidt,F,AK,AK7,997.55255,11.22493077
lmer_pop,TL,Schmidt,F,AK,AK8,984.85555,11.22493077
lmer_pop,TL,Schmidt,F,AK,AK9,992.41355,11.22493077
lmer_pop,TL,Schmidt,F,GI,GI1,1023.279656,11.9258609
lmer_pop,TL,Schmidt,F,GI,GI10,1031.561656,11.9258609
lmer_pop,TL,Schmidt,F,GI,GI11,979.4446556,11.9258609
lmer_pop,TL,Schmidt,F,GI,GI12,1005.991656,11.9258609
lmer_pop,TL,Schmidt,F,GI,GI13,1032.427656,11.9258609
lmer_pop,TL,Schmidt,F,GI,GI14,1053.742656,11.9258609
lmer_pop,TL,Schmidt,F,GI,GI15,1045.712656,11.9258609
lmer_pop,TL,Schmidt,F,GI,GI2,1022.219656,11.9258609
lmer_pop,TL,Schmidt,F,GI,GI3,1011.937656,13.64808552
lmer_pop,TL,Schmidt,F,GI,GI5,1005.082656,11.9258609
lmer_pop,TL,Schmidt,F,GI,GI7,1030.516656,12.65767211
lmer_pop,TL,Schmidt,F,GI,GI8,1037.533656,11.9258609
lmer_pop,TL,Schmidt,F,GI,GI9,1005.893656,13.64808552
lmer_pop,TL,Schmidt,F,KA,KA1,986.2643165,11.28929367
lmer_pop,TL,Schmidt,F,KA,KA10,957.4043165,11.28929367
lmer_pop,TL,Schmidt,F,KA,KA11,1022.541317,11.28929367
lmer_pop,TL,Schmidt,F,KA,KA13,983.5123165,11.28929367
lmer_pop,TL,Schmidt,F,KA,KA14,1022.268317,10.97261722
lmer_pop,TL,Schmidt,F,KA,KA16,991.6123165,11.28929367
lmer_pop,TL,Schmidt,F,KA,KA17,1038.300317,11.28929367
lmer_pop,TL,Schmidt,F,KA,KA18,1025.184317,11.28929367
lmer_pop,TL,Schmidt,F,KA,KA2,1015.565317,11.28929367
lmer_pop,TL,Schmidt,F,KA,KA23,1008.578317,11.28929367
lmer_pop,TL,Schmidt,F,KA,KA24,1014.508317,11.28929367
lmer_pop,TL,Schmidt,F,KA,KA25,1026.140317,11.28929367
lmer_pop,TL,Schmidt,F,KA,KA28,982.8723165,11.28929367
lmer_pop,TL,Schmidt,F,KA,KA29,1028.062317,11.28929367
lmer_pop,TL,Schmidt,F,KA,KA3,1011.099317,11.28929367
lmer_pop,TL,Schmidt,F,KA,KA5,1013.792317,11.28929367
lmer_pop,TL,Schmidt,F,KA,KA6,990.2483165,11.28929367
lmer_pop,TL,Schmidt,F,KA,KA7,992.6623165,11.28929367
lmer_pop,TL,Schmidt,F,KA,KA9,991.6673165,11.28929367
lmer_pop,TL,Schmidt,F,MA,MA12,1012.346885,11.31186147
lmer_pop,TL,Schmidt,F,MA,MA13,993.190885,11.31186147
lmer_pop,TL,Schmidt,F,MA,MA18,987.469885,11.31186147
lmer_pop,TL,Schmidt,F,MA,MA19,1026.269885,11.31186147
lmer_pop,TL,Schmidt,F,MA,MA20,1026.186885,11.67032758
lmer_pop,TL,Schmidt,F,MA,MA21,1023.463885,11.31186147
lmer_pop,TL,Schmidt,F,MA,MA23,1010.652885,11.31186147
lmer_pop,TL,Schmidt,F,MA,MA26,1015.603885,11.31186147
lmer_pop,TL,Schmidt,F,MA,MA27,989.482885,14.6021084
lmer_pop,TL,Schmidt,F,MA,MA28,1032.484885,11.31186147
lmer_pop,TL,Schmidt,F,MA,MA3,1039.814885,11.31186147
lmer_pop,TL,Schmidt,F,MA,MA30,1022.204885,11.67032758
lmer_pop,TL,Schmidt,F,MA,MA31,1002.887885,11.31186147
lmer_pop,TL,Schmidt,F,MA,MA32,1012.488885,11.31186147
lmer_pop,TL,Schmidt,F,MA,MA33,1008.353885,11.31186147
lmer_pop,TL,Schmidt,F,MA,MA5,1016.774885,11.31186147
lmer_pop,TL,Schmidt,F,MA,MA6,1021.677885,11.31186147
lmer_pop,TL,Schmidt,F,MA,MA7,1027.562885,11.31186147
lmer_pop,TL,Schmidt,F,MA,MA9,1014.026885,11.31186147
lmer_pop,TL,Schmidt,F,MU,MU1,981.5934445,11.23068083
lmer_pop,TL,Schmidt,F,MU,MU10,995.1614445,11.23068083
lmer_pop,TL,Schmidt,F,MU,MU11,1000.470444,11.23068083
lmer_pop,TL,Schmidt,F,MU,MU12,999.7324445,11.23068083
lmer_pop,TL,Schmidt,F,MU,MU13,992.5804445,11.23068083
lmer_pop,TL,Schmidt,F,MU,MU14,995.0384445,11.23068083
lmer_pop,TL,Schmidt,F,MU,MU15,1004.348444,11.23068083
lmer_pop,TL,Schmidt,F,MU,MU16,1014.710444,11.23068083
lmer_pop,TL,Schmidt,F,MU,MU17,992.3694445,11.23068083
lmer_pop,TL,Schmidt,F,MU,MU18,1000.320444,11.23068083
lmer_pop,TL,Schmidt,F,MU,MU19,1017.660444,11.23068083
lmer_pop,TL,Schmidt,F,MU,MU2,1013.954444,12.48322731
lmer_pop,TL,Schmidt,F,MU,MU20,1022.021444,11.23068083
lmer_pop,TL,Schmidt,F,MU,MU3,1004.245444,11.23068083
lmer_pop,TL,Schmidt,F,MU,MU4,1020.622444,11.23068083
lmer_pop,TL,Schmidt,F,MU,MU5,1004.160444,11.23068083
lmer_pop,TL,Schmidt,F,MU,MU6,1009.167444,11.23068083
lmer_pop,TL,Schmidt,F,MU,MU7,1007.771444,11.23068083
lmer_pop,TL,Schmidt,F,MU,MU8,1004.422444,11.59165769
lmer_pop,TL,Schmidt,F,MU,MU9,1015.056444,10.91230356
lmer_pop,TL,Schmidt,F,RE,RE10,1047.080301,11.80730316
lmer_pop,TL,Schmidt,F,RE,RE11,1042.796301,11.80730316
lmer_pop,TL,Schmidt,F,RE,RE12,1015.211301,11.80730316
lmer_pop,TL,Schmidt,F,RE,RE13,1035.350301,13.00442925
lmer_pop,TL,Schmidt,F,RE,RE15,1028.170301,11.80730316
lmer_pop,TL,Schmidt,F,RE,RE16,1041.401301,11.80730316
lmer_pop,TL,Schmidt,F,RE,RE17,1007.744301,12.54603176
lmer_pop,TL,Schmidt,F,RE,RE18,1030.861301,11.80730316
lmer_pop,TL,Schmidt,F,RE,RE2,1059.755301,11.80730316
lmer_pop,TL,Schmidt,F,RE,RE3,1033.345301,13.54461103
lmer_pop,TL,Schmidt,F,RE,RE4,1058.922301,11.80730316
lmer_pop,TL,Schmidt,F,RE,RE5,1026.215301,14.19354674
lmer_pop,TL,Schmidt,F,RE,RE6,1036.044301,11.80730316
lmer_pop,TL,Schmidt,F,RE,RE7,1051.143301,11.80730316
lmer_pop,TL,Schmidt,F,UM,UM13,1024.806355,11.64948737
lmer_pop,TL,Schmidt,F,UM,UM17,1012.742355,11.64948737
lmer_pop,TL,Schmidt,F,UM,UM18,1029.608355,11.64948737
lmer_pop,TL,Schmidt,F,UM,UM2,986.0753546,11.64948737
lmer_pop,TL,Schmidt,F,UM,UM20,1034.955355,13.40726057
lmer_pop,TL,Schmidt,F,UM,UM21,961.1783546,11.64948737
lmer_pop,TL,Schmidt,F,UM,UM22,1013.363355,11.64948737
lmer_pop,TL,Schmidt,F,UM,UM23,1016.949355,11.64948737
lmer_pop,TL,Schmidt,F,UM,UM25,1023.017355,11.64948737
lmer_pop,TL,Schmidt,F,UM,UM28,1007.382355,11.64948737
lmer_pop,TL,Schmidt,F,UM,UM29,1012.160355,11.64948737
lmer_pop,TL,Schmidt,F,UM,UM4,1006.253355,11.64948737
lmer_pop,TL,Schmidt,F,UM,UM5,990.1613546,11.64948737
lmer_pop,TL,Schmidt,F,UM,UM7,1035.827355,11.64948737
lmer_pop,TL,Schmidt,F,UM,UM9,1011.739355,11.64948737
lmer_pop,TL,Schmidt,F,VA,VA11,1023.741527,11.44858233
lmer_pop,TL,Schmidt,F,VA,VA15,1027.478527,11.44858233
lmer_pop,TL,Schmidt,F,VA,VA18,1002.075527,11.44858233
lmer_pop,TL,Schmidt,F,VA,VA22,985.6395273,11.44858233
lmer_pop,TL,Schmidt,F,VA,VA26,961.1125273,11.44858233
lmer_pop,TL,Schmidt,F,VA,VA30,1023.414527,11.44858233
lmer_pop,TL,Schmidt,F,VA,VA34,992.9125273,11.44858233
lmer_pop,TL,Schmidt,F,VA,VA35,1012.979527,11.44858233
lmer_pop,TL,Schmidt,F,VA,VA44,1048.457527,12.20903528
lmer_pop,TL,Schmidt,F,VA,VA46,1026.947527,11.44858233
lmer_pop,TL,Schmidt,F,VA,VA47,1009.051527,11.44858233
lmer_pop,TL,Schmidt,F,VA,VA48,1014.544527,11.44858233
lmer_pop,TL,Schmidt,F,VA,VA55,1020.823527,11.44858233
lmer_pop,TL,Schmidt,F,VA,VA57,1019.262527,11.44858233
lmer_pop,TL,Schmidt,F,VA,VA66,1032.879527,11.44858233
lmer_pop,TL,Schmidt,F,VA,VA67,983.0085273,11.44858233
lmer_pop,TL,Schmidt,F,VA,VA71,1025.340527,11.44858233
lmer_pop,TL,Schmidt,F,YE,YE11,984.379192,12.50441237
lmer_pop,TL,Schmidt,F,YE,YE13,985.188192,11.25422395
lmer_pop,TL,Schmidt,F,YE,YE14,1031.646192,11.25422395
lmer_pop,TL,Schmidt,F,YE,YE15,1035.883192,12.50441237
lmer_pop,TL,Schmidt,F,YE,YE19,990.993192,11.25422395
lmer_pop,TL,Schmidt,F,YE,YE20,1020.161192,11.25422395
lmer_pop,TL,Schmidt,F,YE,YE21,1016.394192,11.25422395
lmer_pop,TL,Schmidt,F,YE,YE22,1018.588192,11.25422395
lmer_pop,TL,Schmidt,F,YE,YE23,1013.235192,11.25422395
lmer_pop,TL,Schmidt,F,YE,YE24,1040.020192,12.02697226
lmer_pop,TL,Schmidt,F,YE,YE26,1020.547192,12.50441237
lmer_pop,TL,Schmidt,F,YE,YE27,1026.464192,11.25422395
lmer_pop,TL,Schmidt,F,YE,YE33,972.331192,11.25422395
lmer_pop,TL,Schmidt,F,YE,YE40,1049.978192,12.02697226
lmer_pop,TL,Schmidt,F,YE,YE41,1005.655192,11.25422395
lmer_pop,TL,Schmidt,F,YE,YE48,988.005192,11.25422395
lmer_pop,TL,Schmidt,F,YE,YE49,965.901192,11.25422395
lmer_pop,TL,Schmidt,F,YE,YE51,1030.952192,12.50441237
lmer_pop,TL,Schmidt,F,YE,YE69,987.629192,11.25422395
lmer_pop,TL,Schmidt,F,YE,YE80,1013.753192,11.25422395
lmer_pop,Via,Hoedjes,NA,AK,AK1,1.018196721,0.061262425
lmer_pop,Via,Hoedjes,NA,AK,AK10,1.193196721,0.061262425
lmer_pop,Via,Hoedjes,NA,AK,AK11,1.102196721,0.061262425
lmer_pop,Via,Hoedjes,NA,AK,AK12,1.151196721,0.061262425
lmer_pop,Via,Hoedjes,NA,AK,AK13,1.207196721,0.061262425
lmer_pop,Via,Hoedjes,NA,AK,AK14,1.128196721,0.061262425
lmer_pop,Via,Hoedjes,NA,AK,AK15,1.023196721,0.061262425
lmer_pop,Via,Hoedjes,NA,AK,AK16,1.372196721,0.061262425
lmer_pop,Via,Hoedjes,NA,AK,AK17,1.032196721,0.061262425
lmer_pop,Via,Hoedjes,NA,AK,AK18,1.139196721,0.061262425
lmer_pop,Via,Hoedjes,NA,AK,AK2,1.128196721,0.061262425
lmer_pop,Via,Hoedjes,NA,AK,AK20,1.065196721,0.061262425
lmer_pop,Via,Hoedjes,NA,AK,AK21,1.119196721,0.061262425
lmer_pop,Via,Hoedjes,NA,AK,AK3,0.929196721,0.061262425
lmer_pop,Via,Hoedjes,NA,AK,AK4,0.983196721,0.061262425
lmer_pop,Via,Hoedjes,NA,AK,AK5,1.067196721,0.061262425
lmer_pop,Via,Hoedjes,NA,AK,AK6,0.984196721,0.061262425
lmer_pop,Via,Hoedjes,NA,AK,AK7,1.053196721,0.061262425
lmer_pop,Via,Hoedjes,NA,AK,AK8,1.236196721,0.061262425
lmer_pop,Via,Hoedjes,NA,AK,AK9,0.971196721,0.061262425
lmer_pop,Via,Hoedjes,NA,GI,GI1,1.056824336,0.063779148
lmer_pop,Via,Hoedjes,NA,GI,GI10,1.032824336,0.063779148
lmer_pop,Via,Hoedjes,NA,GI,GI11,0.919824336,0.063779148
lmer_pop,Via,Hoedjes,NA,GI,GI12,0.821824336,0.063779148
lmer_pop,Via,Hoedjes,NA,GI,GI13,0.826824336,0.063779148
lmer_pop,Via,Hoedjes,NA,GI,GI14,0.730824336,0.063779148
lmer_pop,Via,Hoedjes,NA,GI,GI15,0.849824336,0.063779148
lmer_pop,Via,Hoedjes,NA,GI,GI2,0.843824336,0.063779148
lmer_pop,Via,Hoedjes,NA,GI,GI3,1.060824336,0.063779148
lmer_pop,Via,Hoedjes,NA,GI,GI4,0.798824336,0.063779148
lmer_pop,Via,Hoedjes,NA,GI,GI5,0.837824336,0.063779148
lmer_pop,Via,Hoedjes,NA,GI,GI6,0.918824336,0.063779148
lmer_pop,Via,Hoedjes,NA,GI,GI7,0.976824336,0.063779148
lmer_pop,Via,Hoedjes,NA,GI,GI8,0.911824336,0.063779148
lmer_pop,Via,Hoedjes,NA,GI,GI9,0.821824336,0.063779148
lmer_pop,Via,Hoedjes,NA,KA,KA1,1.02007808,0.061262425
lmer_pop,Via,Hoedjes,NA,KA,KA10,0.99207808,0.061262425
lmer_pop,Via,Hoedjes,NA,KA,KA11,1.20607808,0.061262425
lmer_pop,Via,Hoedjes,NA,KA,KA13,0.98507808,0.061262425
lmer_pop,Via,Hoedjes,NA,KA,KA14,1.10707808,0.061262425
lmer_pop,Via,Hoedjes,NA,KA,KA15,1.16407808,0.061262425
lmer_pop,Via,Hoedjes,NA,KA,KA16,1.03007808,0.061262425
lmer_pop,Via,Hoedjes,NA,KA,KA17,0.87407808,0.061262425
lmer_pop,Via,Hoedjes,NA,KA,KA18,0.89607808,0.061262425
lmer_pop,Via,Hoedjes,NA,KA,KA2,0.94907808,0.061262425
lmer_pop,Via,Hoedjes,NA,KA,KA23,0.95207808,0.061262425
lmer_pop,Via,Hoedjes,NA,KA,KA24,0.89807808,0.061262425
lmer_pop,Via,Hoedjes,NA,KA,KA25,1.00707808,0.061262425
lmer_pop,Via,Hoedjes,NA,KA,KA28,1.26407808,0.061262425
lmer_pop,Via,Hoedjes,NA,KA,KA29,1.16207808,0.061262425
lmer_pop,Via,Hoedjes,NA,KA,KA3,0.80407808,0.061262425
lmer_pop,Via,Hoedjes,NA,KA,KA5,1.01307808,0.061262425
lmer_pop,Via,Hoedjes,NA,KA,KA6,1.06007808,0.061262425
lmer_pop,Via,Hoedjes,NA,KA,KA7,1.03207808,0.061262425
lmer_pop,Via,Hoedjes,NA,KA,KA9,1.16407808,0.061262425
lmer_pop,Via,Hoedjes,NA,MA,MA12,1.126274648,0.061262425
lmer_pop,Via,Hoedjes,NA,MA,MA13,0.964274648,0.061262425
lmer_pop,Via,Hoedjes,NA,MA,MA16,1.138274648,0.061262425
lmer_pop,Via,Hoedjes,NA,MA,MA18,1.067274648,0.061262425
lmer_pop,Via,Hoedjes,NA,MA,MA19,1.018274648,0.061262425
lmer_pop,Via,Hoedjes,NA,MA,MA20,1.012274648,0.061262425
lmer_pop,Via,Hoedjes,NA,MA,MA21,1.055274648,0.061262425
lmer_pop,Via,Hoedjes,NA,MA,MA23,1.012274648,0.061262425
lmer_pop,Via,Hoedjes,NA,MA,MA26,1.082274648,0.061262425
lmer_pop,Via,Hoedjes,NA,MA,MA27,1.044274648,0.061262425
lmer_pop,Via,Hoedjes,NA,MA,MA28,0.820274648,0.061262425
lmer_pop,Via,Hoedjes,NA,MA,MA3,0.983274648,0.061262425
lmer_pop,Via,Hoedjes,NA,MA,MA30,1.045274648,0.061262425
lmer_pop,Via,Hoedjes,NA,MA,MA31,0.869274648,0.061262425
lmer_pop,Via,Hoedjes,NA,MA,MA32,1.051274648,0.061262425
lmer_pop,Via,Hoedjes,NA,MA,MA33,0.911274648,0.061262425
lmer_pop,Via,Hoedjes,NA,MA,MA5,1.020274648,0.061262425
lmer_pop,Via,Hoedjes,NA,MA,MA6,0.897274648,0.061262425
lmer_pop,Via,Hoedjes,NA,MA,MA7,0.980274648,0.061262425
lmer_pop,Via,Hoedjes,NA,MA,MA9,1.045274648,0.061262425
lmer_pop,Via,Hoedjes,NA,MU,MU1,1.071957323,0.061262425
lmer_pop,Via,Hoedjes,NA,MU,MU10,1.100957323,0.061262425
lmer_pop,Via,Hoedjes,NA,MU,MU11,0.912957323,0.061262425
lmer_pop,Via,Hoedjes,NA,MU,MU12,1.132957323,0.061262425
lmer_pop,Via,Hoedjes,NA,MU,MU13,1.106957323,0.061262425
lmer_pop,Via,Hoedjes,NA,MU,MU14,1.012957323,0.061262425
lmer_pop,Via,Hoedjes,NA,MU,MU15,1.144957323,0.061262425
lmer_pop,Via,Hoedjes,NA,MU,MU16,1.198957323,0.061262425
lmer_pop,Via,Hoedjes,NA,MU,MU17,0.974957323,0.061262425
lmer_pop,Via,Hoedjes,NA,MU,MU18,1.088957323,0.061262425
lmer_pop,Via,Hoedjes,NA,MU,MU19,1.004957323,0.061262425
lmer_pop,Via,Hoedjes,NA,MU,MU2,1.192957323,0.061262425
lmer_pop,Via,Hoedjes,NA,MU,MU20,0.890957323,0.061262425
lmer_pop,Via,Hoedjes,NA,MU,MU3,0.928957323,0.061262425
lmer_pop,Via,Hoedjes,NA,MU,MU4,1.083957323,0.061262425
lmer_pop,Via,Hoedjes,NA,MU,MU5,1.068957323,0.061262425
lmer_pop,Via,Hoedjes,NA,MU,MU6,0.957957323,0.061262425
lmer_pop,Via,Hoedjes,NA,MU,MU7,1.155957323,0.061262425
lmer_pop,Via,Hoedjes,NA,MU,MU8,1.018957323,0.061262425
lmer_pop,Via,Hoedjes,NA,MU,MU9,0.867957323,0.061262425
lmer_pop,Via,Hoedjes,NA,RE,RE10,0.964412287,0.063779148
lmer_pop,Via,Hoedjes,NA,RE,RE11,1.095412287,0.063779148
lmer_pop,Via,Hoedjes,NA,RE,RE12,0.819412287,0.063779148
lmer_pop,Via,Hoedjes,NA,RE,RE13,1.017412287,0.063779148
lmer_pop,Via,Hoedjes,NA,RE,RE15,0.990412287,0.063779148
lmer_pop,Via,Hoedjes,NA,RE,RE16,1.088412287,0.063779148
lmer_pop,Via,Hoedjes,NA,RE,RE17,0.803412287,0.063779148
lmer_pop,Via,Hoedjes,NA,RE,RE18,0.914412287,0.063779148
lmer_pop,Via,Hoedjes,NA,RE,RE2,1.012412287,0.063779148
lmer_pop,Via,Hoedjes,NA,RE,RE3,0.853412287,0.063779148
lmer_pop,Via,Hoedjes,NA,RE,RE4,0.888412287,0.063779148
lmer_pop,Via,Hoedjes,NA,RE,RE5,0.779412287,0.063779148
lmer_pop,Via,Hoedjes,NA,RE,RE6,0.830412287,0.063779148
lmer_pop,Via,Hoedjes,NA,RE,RE7,0.722412287,0.063779148
lmer_pop,Via,Hoedjes,NA,RE,RE8,0.951412287,0.063779148
lmer_pop,Via,Hoedjes,NA,UM,UM13,0.999787378,0.062607411
lmer_pop,Via,Hoedjes,NA,UM,UM17,0.750787378,0.062607411
lmer_pop,Via,Hoedjes,NA,UM,UM18,1.127787378,0.062607411
lmer_pop,Via,Hoedjes,NA,UM,UM2,0.908787378,0.062607411
lmer_pop,Via,Hoedjes,NA,UM,UM20,0.984787378,0.062607411
lmer_pop,Via,Hoedjes,NA,UM,UM21,0.990787378,0.062607411
lmer_pop,Via,Hoedjes,NA,UM,UM23,1.008787378,0.062607411
lmer_pop,Via,Hoedjes,NA,UM,UM25,1.073787378,0.062607411
lmer_pop,Via,Hoedjes,NA,UM,UM26,1.115787378,0.062607411
lmer_pop,Via,Hoedjes,NA,UM,UM28,0.950787378,0.062607411
lmer_pop,Via,Hoedjes,NA,UM,UM29,1.107787378,0.062607411
lmer_pop,Via,Hoedjes,NA,UM,UM4,0.857787378,0.062607411
lmer_pop,Via,Hoedjes,NA,UM,UM5,1.221787378,0.062607411
lmer_pop,Via,Hoedjes,NA,UM,UM6,1.022787378,0.062607411
lmer_pop,Via,Hoedjes,NA,UM,UM7,0.929787378,0.062607411
lmer_pop,Via,Hoedjes,NA,UM,UM8,0.713787378,0.062607411
lmer_pop,Via,Hoedjes,NA,UM,UM9,1.008787378,0.062607411
lmer_pop,Via,Hoedjes,NA,VA,VA1,0.979362722,0.061262425
lmer_pop,Via,Hoedjes,NA,VA,VA11,0.984362722,0.061262425
lmer_pop,Via,Hoedjes,NA,VA,VA15,0.732362722,0.061262425
lmer_pop,Via,Hoedjes,NA,VA,VA18,1.029362722,0.061262425
lmer_pop,Via,Hoedjes,NA,VA,VA22,0.824362722,0.061262425
lmer_pop,Via,Hoedjes,NA,VA,VA26,1.132362722,0.061262425
lmer_pop,Via,Hoedjes,NA,VA,VA30,0.956362722,0.061262425
lmer_pop,Via,Hoedjes,NA,VA,VA34,1.000362722,0.061262425
lmer_pop,Via,Hoedjes,NA,VA,VA35,1.045362722,0.061262425
lmer_pop,Via,Hoedjes,NA,VA,VA44,1.079362722,0.061262425
lmer_pop,Via,Hoedjes,NA,VA,VA46,0.969362722,0.061262425
lmer_pop,Via,Hoedjes,NA,VA,VA47,0.915362722,0.061262425
lmer_pop,Via,Hoedjes,NA,VA,VA48,0.955362722,0.061262425
lmer_pop,Via,Hoedjes,NA,VA,VA55,1.185362722,0.061262425
lmer_pop,Via,Hoedjes,NA,VA,VA57,0.934362722,0.061262425
lmer_pop,Via,Hoedjes,NA,VA,VA6,1.106362722,0.061262425
lmer_pop,Via,Hoedjes,NA,VA,VA66,0.978362722,0.061262425
lmer_pop,Via,Hoedjes,NA,VA,VA67,0.684362722,0.061262425
lmer_pop,Via,Hoedjes,NA,VA,VA71,1.006362722,0.061262425
lmer_pop,Via,Hoedjes,NA,VA,VA9,1.109362722,0.061262425
lmer_pop,Via,Hoedjes,NA,YE,YE11,0.478572216,0.061262425
lmer_pop,Via,Hoedjes,NA,YE,YE13,1.048572216,0.061262425
lmer_pop,Via,Hoedjes,NA,YE,YE14,0.841572216,0.061262425
lmer_pop,Via,Hoedjes,NA,YE,YE15,0.867572216,0.061262425
lmer_pop,Via,Hoedjes,NA,YE,YE19,0.929572216,0.061262425
lmer_pop,Via,Hoedjes,NA,YE,YE20,0.823572216,0.061262425
lmer_pop,Via,Hoedjes,NA,YE,YE21,0.758572216,0.061262425
lmer_pop,Via,Hoedjes,NA,YE,YE22,0.901572216,0.061262425
lmer_pop,Via,Hoedjes,NA,YE,YE23,0.692572216,0.061262425
lmer_pop,Via,Hoedjes,NA,YE,YE24,0.841572216,0.061262425
lmer_pop,Via,Hoedjes,NA,YE,YE26,0.741572216,0.061262425
lmer_pop,Via,Hoedjes,NA,YE,YE27,0.847572216,0.061262425
lmer_pop,Via,Hoedjes,NA,YE,YE33,0.810572216,0.061262425
lmer_pop,Via,Hoedjes,NA,YE,YE40,0.961572216,0.061262425
lmer_pop,Via,Hoedjes,NA,YE,YE41,0.873572216,0.061262425
lmer_pop,Via,Hoedjes,NA,YE,YE48,0.950572216,0.061262425
lmer_pop,Via,Hoedjes,NA,YE,YE49,1.047572216,0.061262425
lmer_pop,Via,Hoedjes,NA,YE,YE51,0.826572216,0.061262425
lmer_pop,Via,Hoedjes,NA,YE,YE69,0.897572216,0.061262425
lmer_pop,Via,Hoedjes,NA,YE,YE80,0.790572216,0.061262425
lmer_pop,WA_L,StamenkovicRadak,F,AK,AK1,2800.922436,20.02739351
lmer_pop,WA_L,StamenkovicRadak,F,AK,AK16,2753.801436,19.11459335
lmer_pop,WA_L,StamenkovicRadak,F,AK,AK17,2813.335436,19.69383688
lmer_pop,WA_L,StamenkovicRadak,F,AK,AK18,2775.627436,19.8563067
lmer_pop,WA_L,StamenkovicRadak,F,AK,AK19,2754.366436,19.39056667
lmer_pop,WA_L,StamenkovicRadak,F,AK,AK2,2790.616436,19.69383688
lmer_pop,WA_L,StamenkovicRadak,F,AK,AK20,2754.660436,19.8563067
lmer_pop,WA_L,StamenkovicRadak,F,AK,AK21,2768.093436,19.69383688
lmer_pop,WA_L,StamenkovicRadak,F,AK,AK24,2916.982436,20.02739351
lmer_pop,WA_L,StamenkovicRadak,F,AK,AK3,2803.827436,20.02739351
lmer_pop,WA_L,StamenkovicRadak,F,AK,AK4,2726.236436,19.39056667
lmer_pop,WA_L,StamenkovicRadak,F,AK,AK5,2753.971436,19.8563067
lmer_pop,WA_L,StamenkovicRadak,F,AK,AK6,2785.837436,19.69383688
lmer_pop,WA_L,StamenkovicRadak,F,AK,AK7,2759.967436,20.3981959
lmer_pop,WA_L,StamenkovicRadak,F,AK,AK8,2776.044436,19.39056667
lmer_pop,WA_L,StamenkovicRadak,F,AK,AK9,2758.901436,19.39056667
lmer_pop,WA_L,StamenkovicRadak,F,GI,GI1,2874.943954,22.43588065
lmer_pop,WA_L,StamenkovicRadak,F,GI,GI10,2831.969954,22.43588065
lmer_pop,WA_L,StamenkovicRadak,F,GI,GI11,2877.793954,23.78620963
lmer_pop,WA_L,StamenkovicRadak,F,GI,GI14,2856.797954,21.86930099
lmer_pop,WA_L,StamenkovicRadak,F,GI,GI3,2757.455954,22.76749098
lmer_pop,WA_L,StamenkovicRadak,F,GI,GI4,2788.980954,22.1386418
lmer_pop,WA_L,StamenkovicRadak,F,GI,GI5,2897.575954,22.28329342
lmer_pop,WA_L,StamenkovicRadak,F,GI,GI6,2874.513954,22.43588065
lmer_pop,WA_L,StamenkovicRadak,F,GI,GI8,2785.483954,22.1386418
lmer_pop,WA_L,StamenkovicRadak,F,GI,GI9,2814.891954,22.28329342
lmer_pop,WA_L,StamenkovicRadak,F,KA,KA1,2803.867007,20.63698659
lmer_pop,WA_L,StamenkovicRadak,F,KA,KA10,2734.324007,19.29028182
lmer_pop,WA_L,StamenkovicRadak,F,KA,KA13,2808.772007,19.89576569
lmer_pop,WA_L,StamenkovicRadak,F,KA,KA14,2828.464007,19.57847115
lmer_pop,WA_L,StamenkovicRadak,F,KA,KA15,2871.642007,20.06651608
lmer_pop,WA_L,StamenkovicRadak,F,KA,KA17,2810.726007,20.06651608
lmer_pop,WA_L,StamenkovicRadak,F,KA,KA18,2794.287007,20.43660864
lmer_pop,WA_L,StamenkovicRadak,F,KA,KA2,2850.324007,20.84881271
lmer_pop,WA_L,StamenkovicRadak,F,KA,KA23,2741.012007,20.84881271
lmer_pop,WA_L,StamenkovicRadak,F,KA,KA24,2759.433007,19.89576569
lmer_pop,WA_L,StamenkovicRadak,F,KA,KA25,2835.208007,20.43660864
lmer_pop,WA_L,StamenkovicRadak,F,KA,KA29,2861.127007,19.89576569
lmer_pop,WA_L,StamenkovicRadak,F,KA,KA3,2849.662007,19.29028182
lmer_pop,WA_L,StamenkovicRadak,F,KA,KA5,2779.941007,20.43660864
lmer_pop,WA_L,StamenkovicRadak,F,KA,KA7,2805.695007,21.31219211
lmer_pop,WA_L,StamenkovicRadak,F,KA,KA9,2830.460007,21.31219211
lmer_pop,WA_L,StamenkovicRadak,F,MA,MA16,2809.772905,21.30510355
lmer_pop,WA_L,StamenkovicRadak,F,MA,MA18,2891.479905,22.41048862
lmer_pop,WA_L,StamenkovicRadak,F,MA,MA19,2828.972905,21.88629371
lmer_pop,WA_L,StamenkovicRadak,F,MA,MA20,2744.938905,21.72984761
lmer_pop,WA_L,StamenkovicRadak,F,MA,MA26,2844.839905,22.22610531
lmer_pop,WA_L,StamenkovicRadak,F,MA,MA3,2896.543905,21.72984761
lmer_pop,WA_L,StamenkovicRadak,F,MA,MA30,2923.529905,22.6057023
lmer_pop,WA_L,StamenkovicRadak,F,MA,MA5,2841.799905,22.05166253
lmer_pop,WA_L,StamenkovicRadak,F,MA,MA6,2852.006905,21.88629371
lmer_pop,WA_L,StamenkovicRadak,F,MA,MA7,2896.165905,21.88629371
lmer_pop,WA_L,StamenkovicRadak,F,MA,MA9,2958.845905,21.72984761
lmer_pop,WA_L,StamenkovicRadak,F,MU,MU1,2844.47803,19.96157111
lmer_pop,WA_L,StamenkovicRadak,F,MU,MU11,2748.22803,20.12187929
lmer_pop,WA_L,StamenkovicRadak,F,MU,MU12,2866.11603,19.14096051
lmer_pop,WA_L,StamenkovicRadak,F,MU,MU13,2902.48803,19.66243084
lmer_pop,WA_L,StamenkovicRadak,F,MU,MU14,2893.72903,19.52340919
lmer_pop,WA_L,StamenkovicRadak,F,MU,MU16,2790.87703,20.12187929
lmer_pop,WA_L,StamenkovicRadak,F,MU,MU17,2835.92703,19.96157111
lmer_pop,WA_L,StamenkovicRadak,F,MU,MU18,2794.08203,19.52340919
lmer_pop,WA_L,StamenkovicRadak,F,MU,MU19,2900.59603,19.52340919
lmer_pop,WA_L,StamenkovicRadak,F,MU,MU2,2844.05103,20.29072698
lmer_pop,WA_L,StamenkovicRadak,F,MU,MU4,2892.68003,19.52340919
lmer_pop,WA_L,StamenkovicRadak,F,MU,MU5,2890.67803,19.52340919
lmer_pop,WA_L,StamenkovicRadak,F,MU,MU7,2805.36403,19.66243084
lmer_pop,WA_L,StamenkovicRadak,F,MU,MU8,2848.55903,20.46899043
lmer_pop,WA_L,StamenkovicRadak,F,MU,MU9,2858.84603,20.12187929
lmer_pop,WA_L,StamenkovicRadak,F,RE,RE1,2923.486636,20.53397602
lmer_pop,WA_L,StamenkovicRadak,F,RE,RE11,2948.490636,20.99982634
lmer_pop,WA_L,StamenkovicRadak,F,RE,RE12,2858.469636,20.99982634
lmer_pop,WA_L,StamenkovicRadak,F,RE,RE13,2900.197636,20.99982634
lmer_pop,WA_L,StamenkovicRadak,F,RE,RE16,2883.957636,20.99982634
lmer_pop,WA_L,StamenkovicRadak,F,RE,RE17,2860.627636,21.74857766
lmer_pop,WA_L,StamenkovicRadak,F,RE,RE18,2930.289636,21.17212021
lmer_pop,WA_L,StamenkovicRadak,F,RE,RE2,2982.505636,20.83672554
lmer_pop,WA_L,StamenkovicRadak,F,RE,RE4,2985.082636,21.17212021
lmer_pop,WA_L,StamenkovicRadak,F,RE,RE5,2923.384636,20.83672554
lmer_pop,WA_L,StamenkovicRadak,F,RE,RE6,3000.469636,20.99982634
lmer_pop,WA_L,StamenkovicRadak,F,RE,RE7,3005.938636,20.99982634
lmer_pop,WA_L,StamenkovicRadak,F,RE,RE8,2923.728636,20.83672554
lmer_pop,WA_L,StamenkovicRadak,F,UM,UM17,2822.217106,19.91238809
lmer_pop,WA_L,StamenkovicRadak,F,UM,UM18,2863.436106,20.84032779
lmer_pop,WA_L,StamenkovicRadak,F,UM,UM2,2809.720106,20.66526783
lmer_pop,WA_L,StamenkovicRadak,F,UM,UM20,2904.049106,20.3421733
lmer_pop,WA_L,StamenkovicRadak,F,UM,UM21,2920.211106,21.02482341
lmer_pop,WA_L,StamenkovicRadak,F,UM,UM22,3000.594106,21.87687728
lmer_pop,WA_L,StamenkovicRadak,F,UM,UM23,2922.655106,21.64472332
lmer_pop,WA_L,StamenkovicRadak,F,UM,UM24,2812.917106,22.38846774
lmer_pop,WA_L,StamenkovicRadak,F,UM,UM26,2861.920106,20.19170026
lmer_pop,WA_L,StamenkovicRadak,F,UM,UM28,2907.078106,21.21964756
lmer_pop,WA_L,StamenkovicRadak,F,UM,UM29,2827.087106,20.04871267
lmer_pop,WA_L,StamenkovicRadak,F,UM,UM6,2873.458106,21.42571396
lmer_pop,WA_L,StamenkovicRadak,F,UM,UM7,2953.120106,20.49950535
lmer_pop,WA_L,StamenkovicRadak,F,UM,UM9,2883.046106,20.66526783
lmer_pop,WA_L,StamenkovicRadak,F,VA,VA1,2847.539977,20.50162863
lmer_pop,WA_L,StamenkovicRadak,F,VA,VA11,2849.536977,20.15507959
lmer_pop,WA_L,StamenkovicRadak,F,VA,VA18,2818.237977,19.99503759
lmer_pop,WA_L,StamenkovicRadak,F,VA,VA30,2920.712977,20.15507959
lmer_pop,WA_L,StamenkovicRadak,F,VA,VA34,2809.512977,21.31880769
lmer_pop,WA_L,StamenkovicRadak,F,VA,VA44,2918.467977,20.32365145
lmer_pop,WA_L,StamenkovicRadak,F,VA,VA46,2880.728977,20.32365145
lmer_pop,WA_L,StamenkovicRadak,F,VA,VA48,2827.571977,19.8419322
lmer_pop,WA_L,StamenkovicRadak,F,VA,VA55,2813.346977,19.99503759
lmer_pop,WA_L,StamenkovicRadak,F,VA,VA57,2850.930977,20.32365145
lmer_pop,WA_L,StamenkovicRadak,F,VA,VA6,2841.177977,19.8419322
lmer_pop,WA_L,StamenkovicRadak,F,VA,VA66,2820.322977,19.8419322
lmer_pop,WA_L,StamenkovicRadak,F,VA,VA67,2747.107977,20.88710024
lmer_pop,WA_L,StamenkovicRadak,F,VA,VA71,2807.468977,20.32365145
lmer_pop,WA_L,StamenkovicRadak,F,VA,VA9,2824.097977,19.99503759
lmer_pop,WA_L,StamenkovicRadak,F,YE,YE13,2863.585312,20.8112164
lmer_pop,WA_L,StamenkovicRadak,F,YE,YE14,2748.127312,20.8112164
lmer_pop,WA_L,StamenkovicRadak,F,YE,YE15,2883.134312,19.75125181
lmer_pop,WA_L,StamenkovicRadak,F,YE,YE20,2853.059312,20.63590948
lmer_pop,WA_L,StamenkovicRadak,F,YE,YE22,2826.797312,20.01845011
lmer_pop,WA_L,StamenkovicRadak,F,YE,YE23,2807.295312,20.31234797
lmer_pop,WA_L,StamenkovicRadak,F,YE,YE24,2812.131312,20.16165234
lmer_pop,WA_L,StamenkovicRadak,F,YE,YE33,2808.075312,19.88191804
lmer_pop,WA_L,StamenkovicRadak,F,YE,YE40,2867.444312,21.397399
lmer_pop,WA_L,StamenkovicRadak,F,YE,YE41,2818.274312,20.8112164
lmer_pop,WA_L,StamenkovicRadak,F,YE,YE49,2792.330312,21.397399
lmer_pop,WA_L,StamenkovicRadak,F,YE,YE51,2777.755312,20.8112164
lmer_pop,WA_L,StamenkovicRadak,F,YE,YE69,2846.067312,20.31234797
lmer_pop,WA_L,StamenkovicRadak,F,YE,YE80,2805.565312,20.63590948
lmer_pop,WA_L,StamenkovicRadak,M,AK,AK1,2450.142125,17.60824606
lmer_pop,WA_L,StamenkovicRadak,M,AK,AK16,2401.073125,17.75412764
lmer_pop,WA_L,StamenkovicRadak,M,AK,AK17,2446.146125,17.60596161
lmer_pop,WA_L,StamenkovicRadak,M,AK,AK18,2412.150125,17.75412764
lmer_pop,WA_L,StamenkovicRadak,M,AK,AK19,2360.384125,17.75412764
lmer_pop,WA_L,StamenkovicRadak,M,AK,AK2,2434.394125,17.46777674
lmer_pop,WA_L,StamenkovicRadak,M,AK,AK20,2364.960125,18.07399439
lmer_pop,WA_L,StamenkovicRadak,M,AK,AK21,2452.349125,17.60596161
lmer_pop,WA_L,StamenkovicRadak,M,AK,AK24,2521.496125,18.43140736
lmer_pop,WA_L,StamenkovicRadak,M,AK,AK3,2414.478125,17.7564258
lmer_pop,WA_L,StamenkovicRadak,M,AK,AK4,2385.445125,16.96768058
lmer_pop,WA_L,StamenkovicRadak,M,AK,AK5,2392.255125,17.0856745
lmer_pop,WA_L,StamenkovicRadak,M,AK,AK6,2383.166125,17.60976914
lmer_pop,WA_L,StamenkovicRadak,M,AK,AK7,2427.856125,17.20732205
lmer_pop,WA_L,StamenkovicRadak,M,AK,AK8,2405.750125,17.4685338
lmer_pop,WA_L,StamenkovicRadak,M,AK,AK9,2397.972125,17.9131878
lmer_pop,WA_L,StamenkovicRadak,M,GI,GI1,2526.800386,19.82616279
lmer_pop,WA_L,StamenkovicRadak,M,GI,GI10,2462.995386,18.93059014
lmer_pop,WA_L,StamenkovicRadak,M,GI,GI11,2516.103386,20.6114361
lmer_pop,WA_L,StamenkovicRadak,M,GI,GI14,2511.959386,19.82410457
lmer_pop,WA_L,StamenkovicRadak,M,GI,GI3,2418.230386,20.26921812
lmer_pop,WA_L,StamenkovicRadak,M,GI,GI4,2442.375386,19.82616279
lmer_pop,WA_L,StamenkovicRadak,M,GI,GI5,2490.118386,20.61000742
lmer_pop,WA_L,StamenkovicRadak,M,GI,GI6,2463.478386,19.44956108
lmer_pop,WA_L,StamenkovicRadak,M,GI,GI8,2451.089386,19.82684892
lmer_pop,WA_L,StamenkovicRadak,M,GI,GI9,2438.232386,19.69151995
lmer_pop,WA_L,StamenkovicRadak,M,KA,KA1,2380.738208,17.93285915
lmer_pop,WA_L,StamenkovicRadak,M,KA,KA10,2354.028208,17.49028408
lmer_pop,WA_L,StamenkovicRadak,M,KA,KA13,2433.311208,17.93439883
lmer_pop,WA_L,StamenkovicRadak,M,KA,KA14,2430.873208,18.09811519
lmer_pop,WA_L,StamenkovicRadak,M,KA,KA15,2484.881208,17.35683486
lmer_pop,WA_L,StamenkovicRadak,M,KA,KA17,2455.520208,18.6495466
lmer_pop,WA_L,StamenkovicRadak,M,KA,KA18,2426.375208,17.93439883
lmer_pop,WA_L,StamenkovicRadak,M,KA,KA2,2463.910208,18.45359145
lmer_pop,WA_L,StamenkovicRadak,M,KA,KA23,2380.907208,18.26828006
lmer_pop,WA_L,StamenkovicRadak,M,KA,KA24,2404.881208,16.76958402
lmer_pop,WA_L,StamenkovicRadak,M,KA,KA25,2491.483208,18.45202269
lmer_pop,WA_L,StamenkovicRadak,M,KA,KA29,2510.952208,18.26828006
lmer_pop,WA_L,StamenkovicRadak,M,KA,KA3,2459.416208,18.64796762
lmer_pop,WA_L,StamenkovicRadak,M,KA,KA5,2410.410208,17.35533141
lmer_pop,WA_L,StamenkovicRadak,M,KA,KA7,2427.340208,17.93439883
lmer_pop,WA_L,StamenkovicRadak,M,KA,KA9,2440.526208,19.0755606
lmer_pop,WA_L,StamenkovicRadak,M,MA,MA16,2434.510879,18.74366187
lmer_pop,WA_L,StamenkovicRadak,M,MA,MA18,2508.787879,19.34657211
lmer_pop,WA_L,StamenkovicRadak,M,MA,MA19,2424.290879,19.97009177
lmer_pop,WA_L,StamenkovicRadak,M,MA,MA20,2427.520879,19.2113497
lmer_pop,WA_L,StamenkovicRadak,M,MA,MA26,2442.490879,19.2113497
lmer_pop,WA_L,StamenkovicRadak,M,MA,MA3,2521.852879,19.34586895
lmer_pop,WA_L,StamenkovicRadak,M,MA,MA30,2550.939879,19.20785965
lmer_pop,WA_L,StamenkovicRadak,M,MA,MA5,2471.876879,19.63989206
lmer_pop,WA_L,StamenkovicRadak,M,MA,MA6,2474.802879,19.34586895
lmer_pop,WA_L,StamenkovicRadak,M,MA,MA7,2538.244879,18.9583531
lmer_pop,WA_L,StamenkovicRadak,M,MA,MA9,2595.879879,20.99581102
lmer_pop,WA_L,StamenkovicRadak,M,MU,MU1,2495.841459,17.69604289
lmer_pop,WA_L,StamenkovicRadak,M,MU,MU11,2398.605459,17.43899773
lmer_pop,WA_L,StamenkovicRadak,M,MU,MU12,2470.392459,17.69679019
lmer_pop,WA_L,StamenkovicRadak,M,MU,MU13,2536.703459,18.13584867
lmer_pop,WA_L,StamenkovicRadak,M,MU,MU14,2501.764459,17.56490996
lmer_pop,WA_L,StamenkovicRadak,M,MU,MU16,2399.556459,19.04484494
lmer_pop,WA_L,StamenkovicRadak,M,MU,MU17,2473.577459,18.29469822
lmer_pop,WA_L,StamenkovicRadak,M,MU,MU18,2425.850459,17.31530704
lmer_pop,WA_L,StamenkovicRadak,M,MU,MU19,2490.423459,17.31530704
lmer_pop,WA_L,StamenkovicRadak,M,MU,MU2,2447.240459,17.56342432
lmer_pop,WA_L,StamenkovicRadak,M,MU,MU4,2506.701459,17.69380114
lmer_pop,WA_L,StamenkovicRadak,M,MU,MU5,2479.535459,17.56342432
lmer_pop,WA_L,StamenkovicRadak,M,MU,MU7,2425.654459,17.69679019
lmer_pop,WA_L,StamenkovicRadak,M,MU,MU8,2508.323459,17.69679019
lmer_pop,WA_L,StamenkovicRadak,M,MU,MU9,2466.107459,17.69679019
lmer_pop,WA_L,StamenkovicRadak,M,RE,RE1,2509.116996,20.07701602
lmer_pop,WA_L,StamenkovicRadak,M,RE,RE11,2554.584996,18.76028839
lmer_pop,WA_L,StamenkovicRadak,M,RE,RE12,2518.245996,18.91685842
lmer_pop,WA_L,StamenkovicRadak,M,RE,RE13,2484.538996,19.2587305
lmer_pop,WA_L,StamenkovicRadak,M,RE,RE16,2484.266996,18.76028839
lmer_pop,WA_L,StamenkovicRadak,M,RE,RE17,2487.703996,18.91685842
lmer_pop,WA_L,StamenkovicRadak,M,RE,RE18,2568.623996,18.61139402
lmer_pop,WA_L,StamenkovicRadak,M,RE,RE2,2610.117996,18.7588165
lmer_pop,WA_L,StamenkovicRadak,M,RE,RE4,2530.646996,18.7573447
lmer_pop,WA_L,StamenkovicRadak,M,RE,RE5,2522.086996,19.25722712
lmer_pop,WA_L,StamenkovicRadak,M,RE,RE6,2577.581996,19.07972262
lmer_pop,WA_L,StamenkovicRadak,M,RE,RE7,2579.035996,18.7573447
lmer_pop,WA_L,StamenkovicRadak,M,RE,RE8,2561.975996,18.61139402
lmer_pop,WA_L,StamenkovicRadak,M,UM,UM17,2453.185227,18.60519677
lmer_pop,WA_L,StamenkovicRadak,M,UM,UM18,2495.339227,18.44598154
lmer_pop,WA_L,StamenkovicRadak,M,UM,UM2,2453.714227,18.44448457
lmer_pop,WA_L,StamenkovicRadak,M,UM,UM20,2484.904227,18.95269149
lmer_pop,WA_L,StamenkovicRadak,M,UM,UM21,2555.024227,18.44598154
lmer_pop,WA_L,StamenkovicRadak,M,UM,UM22,2582.132227,19.14202607
lmer_pop,WA_L,StamenkovicRadak,M,UM,UM23,2538.746227,18.95269149
lmer_pop,WA_L,StamenkovicRadak,M,UM,UM24,2439.448227,18.29155504
lmer_pop,WA_L,StamenkovicRadak,M,UM,UM26,2509.541227,17.8849459
lmer_pop,WA_L,StamenkovicRadak,M,UM,UM28,2543.217227,18.60519677
lmer_pop,WA_L,StamenkovicRadak,M,UM,UM29,2457.507227,19.3404071
lmer_pop,WA_L,StamenkovicRadak,M,UM,UM6,2481.186227,18.01154704
lmer_pop,WA_L,StamenkovicRadak,M,UM,UM7,2569.452227,18.60444328
lmer_pop,WA_L,StamenkovicRadak,M,UM,UM9,2537.599227,18.44448457
lmer_pop,WA_L,StamenkovicRadak,M,VA,VA1,2448.579201,18.16480778
lmer_pop,WA_L,StamenkovicRadak,M,VA,VA11,2472.016201,17.86570731
lmer_pop,WA_L,StamenkovicRadak,M,VA,VA18,2431.925201,18.49910216
lmer_pop,WA_L,StamenkovicRadak,M,VA,VA30,2464.015201,17.47069262
lmer_pop,WA_L,StamenkovicRadak,M,VA,VA34,2458.819201,18.32797255
lmer_pop,WA_L,StamenkovicRadak,M,VA,VA44,2528.296201,18.32797255
lmer_pop,WA_L,StamenkovicRadak,M,VA,VA46,2503.602201,17.86345579
lmer_pop,WA_L,StamenkovicRadak,M,VA,VA48,2462.584201,17.72802419
lmer_pop,WA_L,StamenkovicRadak,M,VA,VA55,2441.646201,18.49602283
lmer_pop,WA_L,StamenkovicRadak,M,VA,VA57,2498.854201,18.00950351
lmer_pop,WA_L,StamenkovicRadak,M,VA,VA6,2457.202201,17.72727821
lmer_pop,WA_L,StamenkovicRadak,M,VA,VA66,2466.443201,18.00950351
lmer_pop,WA_L,StamenkovicRadak,M,VA,VA67,2427.924201,18.67752515
lmer_pop,WA_L,StamenkovicRadak,M,VA,VA71,2431.722201,18.67752515
lmer_pop,WA_L,StamenkovicRadak,M,VA,VA9,2428.302201,17.86570731
lmer_pop,WA_L,StamenkovicRadak,M,YE,YE13,2455.923739,18.76438988
lmer_pop,WA_L,StamenkovicRadak,M,YE,YE14,2406.640739,18.43567931
lmer_pop,WA_L,StamenkovicRadak,M,YE,YE15,2454.600739,17.87440524
lmer_pop,WA_L,StamenkovicRadak,M,YE,YE20,2466.413739,18.94412246
lmer_pop,WA_L,StamenkovicRadak,M,YE,YE22,2462.299739,19.13354182
lmer_pop,WA_L,StamenkovicRadak,M,YE,YE23,2465.027739,17.87586503
lmer_pop,WA_L,StamenkovicRadak,M,YE,YE24,2456.294739,18.28565182
lmer_pop,WA_L,StamenkovicRadak,M,YE,YE33,2453.153739,18.14252374
lmer_pop,WA_L,StamenkovicRadak,M,YE,YE40,2497.480739,19.13354182
lmer_pop,WA_L,StamenkovicRadak,M,YE,YE41,2461.238739,18.437177
lmer_pop,WA_L,StamenkovicRadak,M,YE,YE49,2392.865739,18.59345239
lmer_pop,WA_L,StamenkovicRadak,M,YE,YE51,2408.255739,19.13046384
lmer_pop,WA_L,StamenkovicRadak,M,YE,YE69,2445.264739,18.13882804
lmer_pop,WA_L,StamenkovicRadak,M,YE,YE80,2439.366739,17.74853165
glmer_pop,Dia,Bergland,F,AK,AK1,-0.747811394,0.599827744
glmer_pop,Dia,Bergland,F,AK,AK10,1.051188606,0.720227965
glmer_pop,Dia,Bergland,F,AK,AK11,-0.663811394,0.537134361
glmer_pop,Dia,Bergland,F,AK,AK12,0.896188606,0.504214559
glmer_pop,Dia,Bergland,F,AK,AK14,-0.724811394,0.488501097
glmer_pop,Dia,Bergland,F,AK,AK15,0.358188606,0.544845228
glmer_pop,Dia,Bergland,F,AK,AK16,-0.120811394,0.472221687
glmer_pop,Dia,Bergland,F,AK,AK17,-0.663811394,0.537134361
glmer_pop,Dia,Bergland,F,AK,AK18,-0.091811394,0.591875259
glmer_pop,Dia,Bergland,F,AK,AK2,-0.414811394,0.477075803
glmer_pop,Dia,Bergland,F,AK,AK20,1.485188606,0.666226179
glmer_pop,Dia,Bergland,F,AK,AK21,1.485188606,0.666226179
glmer_pop,Dia,Bergland,F,AK,AK4,-0.957811394,0.630124846
glmer_pop,Dia,Bergland,F,AK,AK5,1.075188606,0.546564106
glmer_pop,Dia,Bergland,F,AK,AK6,-0.259811394,0.523527766
glmer_pop,Dia,Bergland,F,AK,AK7,0.117188606,0.504214559
glmer_pop,Dia,Bergland,F,AK,AK8,0.728188606,0.515934416
glmer_pop,Dia,Bergland,F,AK,AK9,0.445188606,0.537989147
glmer_pop,Dia,Bergland,F,GI,GI1,-1.550291736,0.632249064
glmer_pop,Dia,Bergland,F,GI,GI10,0.066708264,0.524064766
glmer_pop,Dia,Bergland,F,GI,GI11,0.166708264,0.533932467
glmer_pop,Dia,Bergland,F,GI,GI12,0.903708264,0.54555282
glmer_pop,Dia,Bergland,F,GI,GI13,1.173708264,0.55812443
glmer_pop,Dia,Bergland,F,GI,GI14,-0.610291736,0.577626072
glmer_pop,Dia,Bergland,F,GI,GI15,-0.201291736,0.517536355
glmer_pop,Dia,Bergland,F,GI,GI2,0.702708264,0.512667416
glmer_pop,Dia,Bergland,F,GI,GI3,1.271708264,0.55140446
glmer_pop,Dia,Bergland,F,GI,GI4,0.434708264,0.49661643
glmer_pop,Dia,Bergland,F,GI,GI5,-1.192291736,0.400373424
glmer_pop,Dia,Bergland,F,GI,GI6,0.757708264,0.509434862
glmer_pop,Dia,Bergland,F,GI,GI7,1.187708264,0.595649964
glmer_pop,Dia,Bergland,F,GI,GI8,1.140708264,0.736333402
glmer_pop,Dia,Bergland,F,GI,GI9,1.360708264,0.54555282
glmer_pop,Dia,Bergland,F,KA,KA1,1.831332674,0.477226484
glmer_pop,Dia,Bergland,F,KA,KA10,-0.263667326,0.379696085
glmer_pop,Dia,Bergland,F,KA,KA11,0.727332674,0.514580525
glmer_pop,Dia,Bergland,F,KA,KA13,-0.724667326,0.473887241
glmer_pop,Dia,Bergland,F,KA,KA14,1.334332674,0.570607674
glmer_pop,Dia,Bergland,F,KA,KA15,1.726332674,0.660136438
glmer_pop,Dia,Bergland,F,KA,KA16,-0.667667326,0.519754863
glmer_pop,Dia,Bergland,F,KA,KA17,0.935332674,0.605524663
glmer_pop,Dia,Bergland,F,KA,KA18,1.386332674,0.619990417
glmer_pop,Dia,Bergland,F,KA,KA2,1.092332674,0.515441672
glmer_pop,Dia,Bergland,F,KA,KA23,-0.178667326,0.495767201
glmer_pop,Dia,Bergland,F,KA,KA24,0.186332674,0.403476291
glmer_pop,Dia,Bergland,F,KA,KA25,0.381332674,0.575054882
glmer_pop,Dia,Bergland,F,KA,KA28,1.172332674,0.641825613
glmer_pop,Dia,Bergland,F,KA,KA29,0.323332674,0.483935034
glmer_pop,Dia,Bergland,F,KA,KA3,1.089332674,0.591137985
glmer_pop,Dia,Bergland,F,KA,KA5,-1.512667326,0.61003698
glmer_pop,Dia,Bergland,F,KA,KA6,-0.131667326,0.568831361
glmer_pop,Dia,Bergland,F,KA,KA7,0.665332674,0.495767201
glmer_pop,Dia,Bergland,F,KA,KA9,0.665332674,0.495767201
glmer_pop,Dia,Bergland,F,MA,MA12,1.234131773,0.561312662
glmer_pop,Dia,Bergland,F,MA,MA13,-0.371868227,0.472745074
glmer_pop,Dia,Bergland,F,MA,MA18,1.825131773,0.829606476
glmer_pop,Dia,Bergland,F,MA,MA19,1.849131773,0.612124093
glmer_pop,Dia,Bergland,F,MA,MA20,1.624131773,0.71702713
glmer_pop,Dia,Bergland,F,MA,MA21,0.490131773,0.507038366
glmer_pop,Dia,Bergland,F,MA,MA23,0.069131773,0.522921509
glmer_pop,Dia,Bergland,F,MA,MA26,1.167131773,0.532210395
glmer_pop,Dia,Bergland,F,MA,MA27,-0.246868227,0.481608664
glmer_pop,Dia,Bergland,F,MA,MA28,2.094131773,0.663209548
glmer_pop,Dia,Bergland,F,MA,MA3,2.101131773,0.779052569
glmer_pop,Dia,Bergland,F,MA,MA30,2.343131773,0.741918395
glmer_pop,Dia,Bergland,F,MA,MA31,1.222131773,0.672269964
glmer_pop,Dia,Bergland,F,MA,MA32,0.827131773,0.409946222
glmer_pop,Dia,Bergland,F,MA,MA33,-0.838868227,0.509532045
glmer_pop,Dia,Bergland,F,MA,MA5,0.251131773,0.464766506
glmer_pop,Dia,Bergland,F,MA,MA6,0.608131773,0.89573819
glmer_pop,Dia,Bergland,F,MA,MA7,0.732131773,0.510364482
glmer_pop,Dia,Bergland,F,MA,MA9,-0.153868227,0.565638493
glmer_pop,Dia,Bergland,F,MU,MU1,1.793012345,0.623894687
glmer_pop,Dia,Bergland,F,MU,MU10,0.994012345,0.636358846
glmer_pop,Dia,Bergland,F,MU,MU11,1.793012345,0.706855417
glmer_pop,Dia,Bergland,F,MU,MU12,1.287012345,0.608849391
glmer_pop,Dia,Bergland,F,MU,MU13,1.319012345,0.527804491
glmer_pop,Dia,Bergland,F,MU,MU14,-0.361987655,0.65697
glmer_pop,Dia,Bergland,F,MU,MU15,0.281012345,0.527804491
glmer_pop,Dia,Bergland,F,MU,MU16,1.091012345,0.437296902
glmer_pop,Dia,Bergland,F,MU,MU17,2.204012345,0.777854472
glmer_pop,Dia,Bergland,F,MU,MU19,0.446012345,0.563518926
glmer_pop,Dia,Bergland,F,MU,MU2,1.880012345,0.837673911
glmer_pop,Dia,Bergland,F,MU,MU20,1.951012345,0.560939017
glmer_pop,Dia,Bergland,F,MU,MU3,0.220012345,0.396742461
glmer_pop,Dia,Bergland,F,MU,MU4,-1.002987655,0.718755578
glmer_pop,Dia,Bergland,F,MU,MU5,1.143012345,0.573879413
glmer_pop,Dia,Bergland,F,MU,MU6,0.128012345,0.466639669
glmer_pop,Dia,Bergland,F,MU,MU8,1.507012345,0.590410519
glmer_pop,Dia,Bergland,F,MU,MU9,1.028012345,0.547251844
glmer_pop,Dia,Bergland,F,RE,RE10,0.128245691,0.633395364
glmer_pop,Dia,Bergland,F,RE,RE11,-0.011754309,0.549644146
glmer_pop,Dia,Bergland,F,RE,RE12,-0.393754309,0.905073305
glmer_pop,Dia,Bergland,F,RE,RE13,0.926245691,0.789048596
glmer_pop,Dia,Bergland,F,RE,RE15,0.093245691,0.416573748
glmer_pop,Dia,Bergland,F,RE,RE16,1.288245691,0.569038388
glmer_pop,Dia,Bergland,F,RE,RE17,-1.112754309,0.683600532
glmer_pop,Dia,Bergland,F,RE,RE18,0.823245691,0.524378382
glmer_pop,Dia,Bergland,F,RE,RE2,0.716245691,0.530626693
glmer_pop,Dia,Bergland,F,RE,RE3,1.522245691,0.708263854
glmer_pop,Dia,Bergland,F,RE,RE4,1.890245691,0.770016031
glmer_pop,Dia,Bergland,F,RE,RE5,1.471245691,0.592923003
glmer_pop,Dia,Bergland,F,RE,RE6,-0.400754309,0.608812522
glmer_pop,Dia,Bergland,F,RE,RE7,-0.566754309,0.524378382
glmer_pop,Dia,Bergland,F,UM,UM13,0.636622257,0.455013208
glmer_pop,Dia,Bergland,F,UM,UM17,3.166622257,0.724265849
glmer_pop,Dia,Bergland,F,UM,UM18,1.635622257,0.576594329
glmer_pop,Dia,Bergland,F,UM,UM2,1.709622257,0.683283996
glmer_pop,Dia,Bergland,F,UM,UM20,0.873622257,0.453591247
glmer_pop,Dia,Bergland,F,UM,UM21,2.059622257,0.741364971
glmer_pop,Dia,Bergland,F,UM,UM22,1.156622257,0.665670354
glmer_pop,Dia,Bergland,F,UM,UM23,2.315622257,0.710834734
glmer_pop,Dia,Bergland,F,UM,UM25,0.419622257,0.569123905
glmer_pop,Dia,Bergland,F,UM,UM28,0.727622257,0.605191721
glmer_pop,Dia,Bergland,F,UM,UM29,2.598622257,0.805097522
glmer_pop,Dia,Bergland,F,UM,UM4,0.636622257,0.613707601
glmer_pop,Dia,Bergland,F,UM,UM5,2.315622257,0.710834734
glmer_pop,Dia,Bergland,F,UM,UM7,0.378622257,0.548613725
glmer_pop,Dia,Bergland,F,UM,UM9,1.709622257,0.683283996
glmer_pop,Dia,Bergland,F,VA,VA1,1.609577643,0.494760522
glmer_pop,Dia,Bergland,F,VA,VA11,0.664577643,0.526030392
glmer_pop,Dia,Bergland,F,VA,VA15,-1.524422357,0.585720047
glmer_pop,Dia,Bergland,F,VA,VA18,1.217577643,0.627882134
glmer_pop,Dia,Bergland,F,VA,VA22,2.151577643,0.825539807
glmer_pop,Dia,Bergland,F,VA,VA26,2.266577643,0.804044137
glmer_pop,Dia,Bergland,F,VA,VA30,2.151577643,0.825539807
glmer_pop,Dia,Bergland,F,VA,VA34,1.609577643,0.551314768
glmer_pop,Dia,Bergland,F,VA,VA35,2.266577643,0.804044137
glmer_pop,Dia,Bergland,F,VA,VA44,0.544577643,0.513578595
glmer_pop,Dia,Bergland,F,VA,VA46,0.402577643,0.523529344
glmer_pop,Dia,Bergland,F,VA,VA47,0.954577643,0.560702215
glmer_pop,Dia,Bergland,F,VA,VA48,1.184577643,0.832097935
glmer_pop,Dia,Bergland,F,VA,VA55,1.476577643,0.526865233
glmer_pop,Dia,Bergland,F,VA,VA57,1.121577643,0.497195106
glmer_pop,Dia,Bergland,F,VA,VA6,-0.287422357,0.492332178
glmer_pop,Dia,Bergland,F,VA,VA66,2.266577643,0.804044137
glmer_pop,Dia,Bergland,F,VA,VA67,2.690577643,0.737340473
glmer_pop,Dia,Bergland,F,VA,VA71,0.040577643,0.582247348
glmer_pop,Dia,Bergland,F,YE,YE11,0.747586872,0.500463673
glmer_pop,Dia,Bergland,F,YE,YE13,0.685586872,0.562136005
glmer_pop,Dia,Bergland,F,YE,YE14,0.987586872,0.508146523
glmer_pop,Dia,Bergland,F,YE,YE15,0.905586872,0.543657878
glmer_pop,Dia,Bergland,F,YE,YE19,1.639586872,0.5692213
glmer_pop,Dia,Bergland,F,YE,YE20,1.950586872,0.600489707
glmer_pop,Dia,Bergland,F,YE,YE21,0.548586872,0.678869567
glmer_pop,Dia,Bergland,F,YE,YE22,0.348586872,0.560368529
glmer_pop,Dia,Bergland,F,YE,YE23,1.082586872,0.530574112
glmer_pop,Dia,Bergland,F,YE,YE24,0.907586872,0.490289596
glmer_pop,Dia,Bergland,F,YE,YE26,1.874586872,0.605890987
glmer_pop,Dia,Bergland,F,YE,YE27,1.402586872,0.587931874
glmer_pop,Dia,Bergland,F,YE,YE33,2.234586872,0.647651055
glmer_pop,Dia,Bergland,F,YE,YE40,-0.233413128,0.469370737
glmer_pop,Dia,Bergland,F,YE,YE41,1.027586872,0.534053264
glmer_pop,Dia,Bergland,F,YE,YE48,-0.064413128,0.429636926
glmer_pop,Dia,Bergland,F,YE,YE49,2.043586872,0.667820252
glmer_pop,Dia,Bergland,F,YE,YE51,0.608586872,0.387573075
glmer_pop,Dia,Bergland,F,YE,YE69,0.188586872,0.447249246
glmer_pop,Dia,Bergland,F,YE,YE80,0.687586872,0.48439332
