"","Trait","Sex","Moderator","R2","P"
"1","DW","F","Population",0,0.427217517801944
"2","DW","F","PC",74.7064838656123,8.80220728708963e-10
"3","DW","F","Lab",73.0246633326389,1.04684051129894e-08
"4","DW","F","Population + Lab",100,3.33589413684721e-18
"5","DW","F","Population + PC",100,1.17566416375339e-18
